M,k,model,seed,net_loss,net_loss_std,cash,ent_total,kl_track,l1_track,incons,n_subtrades,support_size
2,2,APMM,0,-2.567895,10.781464,71.102341,4.255262,0.020313,0.139823,,34,3
2,2,ind,0,-7.228056,12.363474,79.370767,6.547034,0.024805,0.152580,,34,3
2,2,base,0,-0.835269,5.099942,44.112012,1.192799,0.017745,0.130616,,27,3
2,2,APMM,1,-0.236640,11.587122,72.289908,5.406837,0.025017,0.157950,,32,3
2,2,ind,1,-1.391924,13.648337,82.104187,4.662803,0.034213,0.173640,,32,3
2,2,base,1,1.277898,4.486777,41.301555,1.096556,0.018630,0.139926,,26,3
2,2,APMM,2,2.771286,7.672908,74.647067,6.757684,0.016876,0.127699,,38,3
2,2,ind,2,6.027541,15.190505,79.893083,6.757684,0.021268,0.144604,,38,3
2,2,base,2,3.038432,7.552172,37.621299,3.352237,0.008927,0.096721,,29,3
2,2,APMM,3,1.524204,5.168589,81.229907,2.091372,0.023045,0.138426,,32,3
2,2,ind,3,1.064600,8.832163,100.396850,2.091372,0.044282,0.177815,,32,3
2,2,base,3,0.742818,4.025254,54.127486,0.864696,0.019911,0.135296,,26,3
2,2,APMM,4,-0.382815,5.015707,58.521980,1.319456,0.013555,0.106311,,44,3
2,2,ind,4,-0.243272,6.679464,58.786419,1.319456,0.015588,0.113485,,44,3
2,2,base,4,0.323283,2.384349,26.205158,0.287790,0.009753,0.078489,,32,3
2,2,APMM,5,-2.829664,12.255894,84.224761,3.537190,0.021668,0.145825,,38,3
2,2,ind,5,-2.696882,14.354848,85.597006,3.537190,0.029347,0.172316,,38,3
2,2,base,5,0.562632,3.182332,49.126113,0.538949,0.023422,0.149691,,29,3
2,2,APMM,6,0.030273,5.006793,57.329833,1.637536,0.018494,0.135856,,34,3
2,2,ind,6,0.673749,7.708613,62.493102,1.637536,0.022912,0.149365,,34,3
2,2,base,6,0.629692,3.231988,38.093675,0.558427,0.017802,0.126488,,27,3
2,2,APMM,7,2.260315,8.608706,50.204333,6.043855,0.010473,0.101584,,32,3
2,2,ind,7,4.782570,14.763878,62.924828,6.043855,0.015786,0.122955,,32,3
2,2,base,7,2.730929,6.564787,36.000976,2.656529,0.010440,0.101064,,26,3
2,2,APMM,8,5.854160,5.782961,70.618359,10.853989,0.025219,0.166079,,28,3
2,2,ind,8,7.717646,6.721923,89.454099,5.792653,0.039618,0.195488,,28,3
2,2,base,8,5.547954,5.756754,55.024082,5.419251,0.021442,0.148251,,24,3
2,2,APMM,9,-0.459404,3.641753,51.367310,0.663171,0.026435,0.165322,,26,3
2,2,ind,9,-0.420628,4.068824,56.869121,0.638437,0.031090,0.181866,,26,3
2,2,base,9,0.083980,1.029145,43.520041,0.053497,0.025098,0.162047,,23,3
2,2,APMM,10,4.454380,8.510792,84.895829,8.234392,0.026071,0.152579,,32,3
2,2,ind,10,7.284443,16.504016,109.856325,9.968380,0.033216,0.163791,,32,3
2,2,base,10,4.480016,6.875100,51.587864,4.226990,0.018882,0.118319,,26,3
2,2,APMM,11,9.367913,9.326149,114.724043,17.807089,0.020573,0.134965,,40,3
2,2,ind,11,17.632790,18.390415,143.075494,17.807089,0.033110,0.173553,,40,3
2,2,base,11,8.840089,9.077312,70.926333,8.880682,0.018969,0.131126,,30,3
2,2,APMM,12,3.250999,6.855408,88.415942,8.136829,0.019158,0.132399,,34,3
2,2,ind,12,8.155201,13.379167,101.411898,8.136829,0.049554,0.191239,,34,3
2,2,base,12,4.110179,6.561629,59.484195,4.043413,0.019641,0.134631,,27,3
2,2,APMM,13,2.467456,12.014590,71.103334,8.351409,0.016483,0.109488,,38,3
2,2,ind,13,3.474271,20.308473,84.736649,9.947937,0.024007,0.134904,,38,3
2,2,base,13,2.860683,8.106671,39.958638,3.898745,0.015241,0.103744,,29,3
2,2,APMM,14,-0.234555,9.867021,68.189634,3.607868,0.031161,0.155313,,34,3
2,2,ind,14,-0.844453,12.731096,75.088800,3.607868,0.037074,0.169706,,34,3
2,2,base,14,0.893257,3.899096,39.841368,0.841665,0.024283,0.138364,,27,3
2,2,APMM,15,1.413935,5.609792,61.418422,3.121334,0.019211,0.145236,,30,3
2,2,ind,15,2.566831,9.668521,66.088230,2.737300,0.032548,0.173821,,30,3
2,2,base,15,1.404617,5.352460,40.601606,1.556309,0.015840,0.135668,,25,3
2,2,APMM,16,6.091091,9.294461,132.954774,12.513044,0.027540,0.145723,,34,3
2,2,ind,16,11.568850,15.045962,140.439870,11.638790,0.061213,0.219510,,34,3
2,2,base,16,5.972183,7.230039,84.765389,6.081175,0.028085,0.155274,,27,3
2,2,APMM,17,8.850843,8.224795,107.901937,17.248660,0.015473,0.095387,,36,3
2,2,ind,17,17.943511,16.142192,136.815053,17.248660,0.031364,0.134514,,36,3
2,2,base,17,8.981788,7.958689,77.220546,8.573166,0.017427,0.106138,,28,3
2,2,APMM,18,12.422943,15.155994,94.880103,13.639402,0.042483,0.178072,,36,3
2,2,ind,18,10.068802,20.817504,118.412045,11.675445,0.061831,0.210073,,36,3
2,2,base,18,6.124898,8.046584,62.523723,5.038997,0.035525,0.164208,,28,3
2,2,APMM,19,3.994070,7.960773,69.050012,8.523441,0.017186,0.115470,,32,3
2,2,ind,19,7.784454,14.726067,84.683551,8.523441,0.027232,0.147527,,32,3
2,2,base,19,4.019299,6.904289,42.009596,4.167501,0.015167,0.106075,,26,3
2,2,APMM,20,7.598428,7.497869,88.387872,15.590614,0.015913,0.102546,,32,3
2,2,ind,20,14.456121,10.765375,110.790175,13.208701,0.023393,0.130810,,32,3
2,2,base,20,7.607484,6.579455,64.826275,7.623481,0.016290,0.103015,,26,3
2,2,APMM,21,2.671627,7.048311,57.807186,5.599072,0.016069,0.122087,,36,3
2,2,ind,21,4.303324,10.663759,64.311368,4.180367,0.021602,0.133610,,36,3
2,2,base,21,2.767869,6.839685,33.987791,2.864127,0.012679,0.099548,,28,3
2,2,APMM,22,-2.662991,8.760874,79.083265,2.754601,0.027307,0.184908,,26,3
2,2,ind,22,-2.194713,9.961534,86.941702,2.754601,0.034342,0.198436,,26,3
2,2,base,22,0.320744,2.258759,56.041093,0.265747,0.026546,0.183646,,23,3
2,2,APMM,23,6.032623,10.988327,89.240992,13.665220,0.025371,0.161952,,34,3
2,2,ind,23,12.283771,20.170612,110.408785,13.665220,0.039612,0.196296,,34,3
2,2,base,23,6.390023,9.357548,60.900040,6.550688,0.022937,0.156847,,27,3
2,2,APMM,24,-3.395060,11.044010,106.501308,3.307051,0.020733,0.147581,,42,3
2,2,ind,24,-2.661817,12.986034,100.438568,3.307051,0.030258,0.178277,,42,3
2,2,base,24,0.514220,3.030790,50.450515,0.483462,0.017753,0.138507,,31,3
2,2,APMM,25,6.565331,9.225666,84.051054,12.885593,0.027488,0.167914,,30,3
2,2,ind,25,13.210777,18.066901,106.923946,12.885593,0.048260,0.212253,,30,3
2,2,base,25,6.646582,8.870462,61.697682,6.399071,0.024330,0.156287,,25,3
2,2,APMM,26,-0.217202,6.885658,90.445317,2.203146,0.020122,0.145088,,44,3
2,2,ind,26,0.366103,9.998520,84.934556,2.234945,0.026421,0.169883,,44,3
2,2,base,26,0.789389,3.167270,42.527687,0.545890,0.015723,0.122296,,32,3
2,2,APMM,27,5.103241,10.171996,80.481392,12.134615,0.020356,0.135573,,34,3
2,2,ind,27,12.295105,19.067002,96.558136,12.767970,0.030712,0.162728,,34,3
2,2,base,27,6.490734,8.332460,55.157190,5.765658,0.017606,0.127608,,27,3
2,2,APMM,28,0.415800,3.266767,43.054963,0.723255,0.022983,0.170076,,24,3
2,2,ind,28,-0.595034,2.260192,48.828511,0.669106,0.026352,0.179449,,24,3
2,2,base,28,0.223875,1.980811,39.052160,0.197060,0.023785,0.171745,,22,3
2,2,APMM,29,8.671043,7.025377,74.036663,16.808752,0.017159,0.125981,,28,3
2,2,ind,29,13.938404,8.950663,79.441253,10.241347,0.023150,0.144287,,28,3
2,2,base,29,8.805716,7.280612,59.159112,8.503339,0.015057,0.119479,,24,3
2,2,APMM,30,4.610610,10.042302,82.569467,11.624473,0.016058,0.100200,,30,3
2,2,ind,30,9.220731,21.378396,113.113959,14.075347,0.037122,0.141407,,30,3
2,2,base,30,5.143423,9.256897,64.062563,5.903225,0.018367,0.113421,,25,3
2,2,APMM,31,-6.844566,19.303209,78.866609,7.720278,0.016868,0.126825,,36,3
2,2,ind,31,-6.343733,22.644425,84.463112,7.720278,0.019831,0.133801,,36,3
2,2,base,31,1.467264,5.013499,35.009711,1.364992,0.011883,0.107766,,28,3
2,2,APMM,32,-0.956302,8.569676,60.354176,2.656462,0.021198,0.148197,,30,3
2,2,ind,32,-1.958017,11.954622,69.369856,3.266689,0.030897,0.173846,,30,3
2,2,base,32,0.390003,3.451272,43.752203,0.603401,0.023572,0.159301,,25,3
2,2,APMM,33,2.960760,9.007676,70.269606,6.149498,0.026186,0.161086,,30,3
2,2,ind,33,4.217475,12.383462,86.245092,4.679892,0.039891,0.198018,,30,3
2,2,base,33,2.686355,6.249838,48.585240,2.552518,0.023053,0.153504,,25,3
2,2,APMM,34,3.565131,7.733881,70.145283,7.352834,0.033790,0.199732,,26,3
2,2,ind,34,2.997133,8.381236,68.500657,4.620271,0.040598,0.215923,,26,3
2,2,base,34,3.502915,7.731833,57.203434,3.675584,0.031175,0.191551,,23,3
2,2,APMM,35,6.370737,7.812522,83.388054,11.490666,0.018614,0.132942,,34,3
2,2,ind,35,11.272431,15.617015,99.413344,11.490666,0.034974,0.186741,,34,3
2,2,base,35,5.636985,7.804883,55.272192,5.745061,0.017499,0.132749,,27,3
2,2,APMM,36,6.076725,8.231693,110.348507,8.082681,0.022920,0.141782,,42,3
2,2,ind,36,7.771152,16.005525,114.016453,8.082681,0.031861,0.169946,,42,3
2,2,base,36,3.940839,7.854327,58.100749,3.966253,0.020536,0.135589,,31,3
2,2,APMM,37,6.309983,17.071940,79.180956,13.194190,0.038338,0.192045,,28,3
2,2,ind,37,7.404537,23.102392,92.453186,11.864194,0.051937,0.220036,,28,3
2,2,base,37,5.483029,7.947490,55.453576,4.701699,0.032707,0.181124,,24,3
2,2,APMM,38,4.589284,8.653996,67.331018,9.813434,0.018977,0.140111,,32,3
2,2,ind,38,9.059789,14.391929,82.509761,7.976271,0.032588,0.181382,,32,3
2,2,base,38,4.816391,8.578421,50.830092,5.042957,0.021010,0.150347,,26,3
2,2,APMM,39,6.420734,7.480100,102.206251,12.564365,0.028898,0.172959,,32,3
2,2,ind,39,12.079733,13.232266,125.198981,12.059586,0.041087,0.202031,,32,3
2,2,base,39,6.118295,6.566147,72.887885,6.210898,0.027291,0.162842,,26,3
3,2,APMM,0,-1.753955,10.296352,112.301683,4.602298,0.022804,0.151265,,56,6
3,2,ind,0,-2.134298,14.225155,115.373040,5.060343,0.026878,0.163267,,56,6
3,2,base,0,0.745168,2.254893,59.221708,0.279299,0.017162,0.125290,,43,6
3,2,APMM,1,-6.419555,15.609594,119.862007,9.191678,0.024236,0.155045,,50,6
3,2,ind,1,-8.737858,27.337044,152.239821,14.197163,0.039694,0.184770,,50,6
3,2,base,1,0.890204,4.487828,73.286396,1.035376,0.020404,0.142571,,40,6
3,2,APMM,2,0.139939,11.274365,103.697987,8.123300,0.022298,0.142731,,50,6
3,2,ind,2,0.042680,19.948135,154.141667,7.985798,0.053867,0.190081,,50,6
3,2,base,2,1.710450,5.653687,73.804841,1.756199,0.022650,0.142537,,40,6
3,2,APMM,3,4.231312,12.744067,130.509496,14.668631,0.017754,0.115094,,70,6
3,2,ind,3,9.118881,26.494200,158.963111,14.092328,0.027650,0.142013,,70,6
3,2,base,3,4.152431,8.319727,60.891106,4.335667,0.012298,0.090728,,50,6
3,2,APMM,4,2.083720,13.197137,107.302393,13.079357,0.014533,0.108214,,66,6
3,2,ind,4,7.017056,26.966138,133.009359,13.972805,0.023583,0.135034,,66,6
3,2,base,4,4.037598,7.405788,46.212993,3.601723,0.007911,0.077430,,48,6
3,2,APMM,5,3.740694,12.265483,127.305685,13.976796,0.023822,0.148194,,56,6
3,2,ind,5,8.553749,29.040594,197.619487,16.726448,0.054812,0.208563,,56,6
3,2,base,5,4.333509,7.969979,80.844214,4.021320,0.022199,0.140008,,43,6
3,2,APMM,6,8.370761,8.872039,129.786481,19.679391,0.022493,0.155583,,56,6
3,2,ind,6,19.536174,27.006323,199.960759,20.230066,0.058002,0.217860,,56,6
3,2,base,6,6.538030,8.796104,81.949974,6.557589,0.019460,0.140772,,43,6
3,2,APMM,7,2.081490,15.519228,143.028230,22.021195,0.016076,0.114753,,60,6
3,2,ind,7,6.223513,35.445661,199.582756,25.325559,0.040211,0.173960,,60,6
3,2,base,7,4.926849,11.377370,79.491712,7.534020,0.014202,0.108834,,45,6
3,2,APMM,8,2.517645,11.256115,126.723397,11.480545,0.023155,0.139853,,58,6
3,2,ind,8,2.903233,23.751807,157.007058,13.487247,0.040562,0.187575,,58,6
3,2,base,8,3.354925,8.018996,84.142305,3.639067,0.025362,0.147187,,44,6
3,2,APMM,9,1.077149,11.945545,102.495191,12.656618,0.014606,0.102566,,58,6
3,2,ind,9,-0.418964,22.322778,124.107359,13.044650,0.022915,0.137408,,58,6
3,2,base,9,2.491813,7.622679,61.999495,3.491338,0.015838,0.106665,,44,6
3,2,APMM,10,6.021860,11.046571,130.127004,22.315273,0.021343,0.131784,,60,6
3,2,ind,10,18.061167,26.109353,173.842943,19.745135,0.041120,0.172716,,60,6
3,2,base,10,6.750265,9.661503,68.771882,7.309338,0.014121,0.101337,,45,6
3,2,APMM,11,0.541455,12.910019,126.319653,8.130461,0.023062,0.156628,,58,6
3,2,ind,11,0.164342,19.820837,147.947209,6.788483,0.033630,0.182058,,58,6
3,2,base,11,1.814340,5.744478,64.166262,1.853524,0.017422,0.128222,,44,6
3,2,APMM,12,-0.298164,6.899512,122.305027,4.012840,0.029243,0.166694,,60,6
3,2,ind,12,0.122443,12.665423,148.737022,3.967873,0.039331,0.187569,,60,6
3,2,base,12,0.699366,4.460873,64.900309,0.983573,0.021302,0.135822,,45,6
3,2,APMM,13,-3.023593,15.389902,159.959722,11.798283,0.024425,0.148857,,64,6
3,2,ind,13,-1.019886,24.870327,179.873743,11.822385,0.044894,0.190969,,64,6
3,2,base,13,2.342108,6.657121,86.007678,2.526691,0.024571,0.144912,,47,6
3,2,APMM,14,8.163048,15.102917,129.801134,26.385433,0.022569,0.142041,,60,6
3,2,ind,14,16.579072,25.109418,148.077551,15.587647,0.041937,0.180167,,60,6
3,2,base,14,7.554445,9.589194,71.623692,7.360174,0.017011,0.119782,,45,6
3,2,APMM,15,5.583250,9.152553,108.840307,12.666781,0.013586,0.095441,,68,6
3,2,ind,15,10.267136,23.030398,138.344670,12.492312,0.025465,0.124079,,68,6
3,2,base,15,3.950768,7.716846,50.212167,4.102091,0.008994,0.072033,,49,6
3,2,APMM,16,19.641265,19.577998,165.166827,49.336405,0.028264,0.147957,,56,6
3,2,ind,16,39.624793,31.915900,225.542748,40.471510,0.061430,0.201532,,56,6
3,2,base,16,15.628514,10.231797,114.132403,15.016237,0.030028,0.150632,,43,6
3,2,APMM,17,-5.894216,18.266066,155.896806,11.695360,0.024111,0.142004,,66,6
3,2,ind,17,-3.741211,27.093772,173.098573,12.627829,0.033242,0.168433,,66,6
3,2,base,17,2.221922,6.345836,61.203689,2.290827,0.013704,0.102883,,48,6
3,2,APMM,18,-9.131580,20.662649,155.883689,14.807186,0.021650,0.123699,,72,6
3,2,ind,18,-8.357532,32.919928,179.647651,17.478299,0.029725,0.142268,,72,6
3,2,base,18,1.412698,7.485137,64.351011,2.787379,0.015412,0.099336,,51,6
3,2,APMM,19,11.317531,13.016951,129.393275,34.419907,0.014647,0.094853,,68,6
3,2,ind,19,33.603566,31.058235,201.308163,33.033774,0.029119,0.129628,,68,6
3,2,base,19,11.513204,9.678800,70.437739,11.024093,0.010240,0.067169,,49,6
3,2,APMM,20,8.185087,10.926092,152.131345,25.060271,0.020877,0.127700,,62,6
3,2,ind,20,22.782173,23.758266,188.317200,20.870275,0.043081,0.173321,,62,6
3,2,base,20,8.132938,9.092056,83.803764,8.257320,0.016104,0.111350,,46,6
3,2,APMM,21,5.241000,12.514163,115.634865,14.916407,0.019391,0.136241,,66,6
3,2,ind,21,6.029148,20.323871,148.289385,10.625141,0.028731,0.163081,,66,6
3,2,base,21,3.809229,7.723114,59.006497,3.916228,0.013945,0.107352,,48,6
3,2,APMM,22,10.313534,9.413662,142.224572,28.169984,0.015310,0.104391,,54,6
3,2,ind,22,27.514262,27.931799,200.577130,29.194422,0.042038,0.176374,,54,6
3,2,base,22,9.705604,8.750452,91.353448,9.369903,0.014975,0.104470,,42,6
3,2,APMM,23,-0.347363,8.850989,114.970804,4.328187,0.021717,0.146967,,56,6
3,2,ind,23,0.855143,16.352950,143.675658,4.769058,0.035348,0.180830,,56,6
3,2,base,23,0.920318,4.109025,67.726942,0.903762,0.020660,0.139807,,43,6
3,2,APMM,24,-2.799015,22.182532,146.288126,26.593248,0.017481,0.114596,,70,6
3,2,ind,24,2.400064,46.651766,185.784336,31.112654,0.031846,0.155026,,70,6
3,2,base,24,4.206455,11.902921,72.091503,7.546023,0.013226,0.101371,,50,6
3,2,APMM,25,2.200620,11.143019,98.234943,9.657704,0.012926,0.104109,,66,6
3,2,ind,25,5.647744,20.293920,119.948893,8.413400,0.021737,0.129082,,66,6
3,2,base,25,2.778111,6.224928,44.922926,2.393454,0.007580,0.080778,,48,6
3,2,APMM,26,2.709861,10.761589,119.704357,13.533606,0.019530,0.132075,,58,6
3,2,ind,26,10.651874,23.000534,142.537479,11.710659,0.030500,0.169014,,58,6
3,2,base,26,4.575998,8.392124,69.753370,4.290759,0.017844,0.127983,,44,6
3,2,APMM,27,-0.951114,15.758386,91.062878,11.483518,0.013180,0.115064,,52,6
3,2,ind,27,2.870356,23.017759,102.970412,9.371722,0.017091,0.128384,,52,6
3,2,base,27,3.111885,6.458999,44.357133,2.533534,0.009009,0.096795,,41,6
3,2,APMM,28,-2.542040,13.772724,84.771126,10.930140,0.012257,0.103363,,56,6
3,2,ind,28,0.401635,23.714604,100.052155,10.297784,0.016935,0.118453,,56,6
3,2,base,28,2.156141,6.785733,39.993721,2.575097,0.008315,0.081482,,43,6
3,2,APMM,29,-0.067956,11.636656,107.251502,8.864533,0.016526,0.117038,,66,6
3,2,ind,29,-2.494127,13.459016,126.466220,5.844983,0.025482,0.133451,,66,6
3,2,base,29,1.643339,5.467715,44.183043,1.714583,0.009745,0.082600,,48,6
3,2,APMM,30,5.504717,12.111519,106.868870,21.376197,0.011832,0.098053,,58,6
3,2,ind,30,17.913218,26.936051,136.346409,17.653662,0.026739,0.135082,,58,6
3,2,base,30,6.561092,10.125751,62.187310,6.986641,0.012060,0.097908,,44,6
3,2,APMM,31,3.764162,14.991691,130.189085,17.205989,0.017438,0.126555,,60,6
3,2,ind,31,10.269694,26.621351,156.967668,14.304945,0.032598,0.175059,,60,6
3,2,base,31,5.407637,8.177081,71.756715,4.789334,0.016976,0.125489,,45,6
3,2,APMM,32,19.140934,12.681876,156.394796,52.794518,0.015262,0.098828,,58,6
3,2,ind,32,52.136892,29.557593,263.706459,50.876718,0.046382,0.170771,,58,6
3,2,base,32,17.581661,9.137456,114.982040,17.105466,0.014819,0.102513,,44,6
3,2,APMM,33,1.663090,8.277259,98.401621,6.073952,0.018502,0.130172,,60,6
3,2,ind,33,1.819098,14.210529,117.847918,4.854706,0.029115,0.151983,,60,6
3,2,base,33,1.531899,5.348405,47.334952,1.599068,0.011001,0.092468,,45,6
3,2,APMM,34,8.589900,11.186196,138.712139,19.487292,0.023014,0.139621,,52,6
3,2,ind,34,10.323013,18.945313,167.520993,12.043218,0.035829,0.172021,,52,6
3,2,base,34,5.918062,8.952797,85.656334,6.241851,0.019311,0.133117,,41,6
3,2,APMM,35,4.875715,9.715464,101.611304,11.593196,0.017791,0.123409,,58,6
3,2,ind,35,7.028998,16.237863,132.842932,8.332262,0.031039,0.158658,,58,6
3,2,base,35,3.855862,6.375027,57.412019,3.194458,0.014885,0.110440,,44,6
3,2,APMM,36,-1.835584,15.164991,144.478670,8.310342,0.027713,0.162639,,60,6
3,2,ind,36,-2.544027,22.527989,176.977403,9.135109,0.046558,0.196122,,60,6
3,2,base,36,1.524667,4.853104,69.056056,1.319557,0.019684,0.135094,,45,6
3,2,APMM,37,-5.814688,14.085016,113.401570,8.314811,0.018896,0.125748,,64,6
3,2,ind,37,-3.418923,20.260611,133.567352,8.766191,0.025074,0.139158,,64,6
3,2,base,37,1.004035,4.356328,45.961018,1.016616,0.010200,0.088104,,47,6
3,2,APMM,38,0.151516,11.588164,151.092160,7.553790,0.035435,0.169637,,60,6
3,2,ind,38,0.603870,20.362060,165.670729,8.021030,0.045163,0.192102,,60,6
3,2,base,38,1.669024,5.470263,69.222972,1.643629,0.021602,0.139246,,45,6
3,2,APMM,39,-2.826818,15.208899,156.579621,6.984899,0.022765,0.144279,,62,6
3,2,ind,39,-7.407024,19.910629,180.515008,8.435537,0.040972,0.180411,,62,6
3,2,base,39,0.503888,3.165670,64.631472,0.518310,0.015516,0.121498,,46,6
4,2,APMM,0,0.956039,13.459494,173.557059,17.412269,0.017003,0.124864,,86,10
4,2,ind,0,9.657377,34.831130,233.378266,18.839183,0.035432,0.168350,,86,10
4,2,base,0,3.787527,7.758140,85.281037,3.573004,0.013238,0.107052,,63,10
4,2,APMM,1,-7.648475,16.453482,153.258246,12.147334,0.019773,0.140573,,78,10
4,2,ind,1,-11.790080,24.208491,190.570201,15.456162,0.033360,0.169493,,78,10
4,2,base,1,1.053795,4.469454,78.898238,1.086261,0.015591,0.119954,,59,10
4,2,APMM,2,-3.603501,19.498785,188.038522,16.857425,0.021421,0.146974,,80,10
4,2,ind,2,-13.335538,26.412090,245.350891,14.963499,0.050604,0.205630,,80,10
4,2,base,2,2.279764,5.735037,97.386651,1.925736,0.019043,0.137524,,60,10
4,2,APMM,3,12.222106,25.558481,187.958442,44.032340,0.024797,0.138107,,88,10
4,2,ind,3,17.918604,45.186223,240.060595,29.722286,0.039357,0.168842,,88,10
4,2,base,3,7.989532,11.554370,89.221079,8.758697,0.015856,0.102148,,64,10
4,2,APMM,4,8.060366,20.746641,163.944591,35.893914,0.019320,0.115750,,92,10
4,2,ind,4,22.044428,46.787870,231.317121,32.734286,0.035308,0.150001,,92,10
4,2,base,4,7.859747,10.830266,69.866008,7.990343,0.010351,0.078711,,66,10
4,2,APMM,5,10.696839,15.951218,211.199503,45.708771,0.019881,0.131431,,88,10
4,2,ind,5,34.870358,54.490755,350.022341,46.534342,0.064034,0.215666,,88,10
4,2,base,5,9.733828,13.095976,124.847084,11.294486,0.017451,0.122484,,64,10
4,2,APMM,6,0.282304,13.850380,171.339946,14.640998,0.021824,0.141757,,80,10
4,2,ind,6,3.338484,33.534910,235.225494,16.562534,0.040867,0.187012,,80,10
4,2,base,6,2.910795,7.101252,89.896933,2.991105,0.018020,0.124239,,60,10
4,2,APMM,7,3.163452,12.745848,186.193929,15.496379,0.018487,0.129621,,88,10
4,2,ind,7,3.622948,29.993773,255.026666,18.602926,0.046560,0.188621,,88,10
4,2,base,7,3.586689,7.020793,84.506589,3.065821,0.013857,0.111882,,64,10
4,2,APMM,8,8.065507,12.226435,213.014551,30.665787,0.022754,0.118160,,94,10
4,2,ind,8,17.450570,30.644132,275.599428,29.790194,0.045617,0.165241,,94,10
4,2,base,8,7.942051,9.167484,105.901631,7.380502,0.016685,0.095803,,67,10
4,2,APMM,9,3.326488,17.936164,154.202009,31.832597,0.012944,0.104402,,86,10
4,2,ind,9,14.760743,33.375539,214.669315,22.369142,0.031443,0.146347,,86,10
4,2,base,9,8.018330,10.386540,76.063166,7.150281,0.011610,0.093288,,63,10
4,2,APMM,10,12.429956,15.580578,187.099142,48.836805,0.020271,0.134387,,86,10
4,2,ind,10,40.168892,44.477195,278.178372,39.688359,0.045428,0.186011,,86,10
4,2,base,10,11.611571,12.011189,101.622886,11.826662,0.013992,0.109916,,63,10
4,2,APMM,11,7.258424,10.744177,200.336653,31.128081,0.013977,0.104292,,84,10
4,2,ind,11,30.137045,42.217916,293.780896,35.393536,0.045630,0.172749,,84,10
4,2,base,11,7.997472,9.431927,109.541980,7.699847,0.012126,0.098777,,62,10
4,2,APMM,12,3.974133,15.905981,184.216202,24.243868,0.024045,0.156326,,82,10
4,2,ind,12,12.932774,29.405605,234.631574,18.077988,0.039669,0.184325,,82,10
4,2,base,12,6.285161,8.443562,86.235325,4.743936,0.014436,0.119275,,61,10
4,2,APMM,13,28.247514,23.064597,233.352613,85.842351,0.024835,0.132882,,86,10
4,2,ind,13,64.893051,47.063922,365.973836,63.470943,0.058278,0.196606,,86,10
4,2,base,13,19.254785,13.036584,145.108918,19.758598,0.018439,0.112242,,63,10
4,2,APMM,14,-9.127038,17.699202,160.464227,10.748424,0.020291,0.132009,,92,10
4,2,ind,14,-14.263544,20.278230,206.547650,12.840436,0.032090,0.159722,,92,10
4,2,base,14,0.044276,1.436668,67.187211,0.101470,0.012501,0.097109,,66,10
4,2,APMM,15,1.043274,11.824580,133.392125,18.954529,0.010123,0.080984,,94,10
4,2,ind,15,9.098717,40.300036,192.519441,24.269337,0.025175,0.122328,,94,10
4,2,base,15,3.503483,8.846792,64.632390,4.586724,0.008792,0.072864,,67,10
4,2,APMM,16,19.301081,13.063088,217.134669,53.713908,0.022696,0.133950,,90,10
4,2,ind,16,47.537013,41.060481,342.649818,44.578558,0.053281,0.193704,,90,10
4,2,base,16,13.844411,11.988404,125.486596,13.290589,0.020054,0.127216,,65,10
4,2,APMM,17,-10.359103,20.126911,166.448312,16.959086,0.021527,0.131366,,88,10
4,2,ind,17,-7.156143,30.867634,192.352080,16.514062,0.028613,0.145017,,88,10
4,2,base,17,1.693254,6.111044,63.516947,1.963720,0.011843,0.088184,,64,10
4,2,APMM,18,-1.750323,14.165228,179.946040,14.050989,0.020721,0.132628,,98,10
4,2,ind,18,1.685500,19.766451,224.950746,8.803973,0.032254,0.149445,,98,10
4,2,base,18,2.245191,5.884437,63.428238,1.995756,0.009940,0.084666,,69,10
4,2,APMM,19,14.219258,20.278641,175.817138,49.436801,0.018547,0.118981,,86,10
4,2,ind,19,44.141441,37.644824,238.641053,33.662045,0.036483,0.160805,,86,10
4,2,base,19,14.341128,9.926770,87.532885,10.533981,0.015031,0.099689,,63,10
4,2,APMM,20,10.432292,17.776829,207.691465,53.189375,0.016620,0.107278,,86,10
4,2,ind,20,36.035313,51.596109,323.191675,51.454004,0.049013,0.171519,,86,10
4,2,base,20,10.867997,13.434640,118.556138,13.199029,0.014117,0.095457,,63,10
4,2,APMM,21,15.305845,17.436259,183.944732,54.071966,0.016001,0.111819,,88,10
4,2,ind,21,52.660258,47.166068,280.075473,49.541404,0.043188,0.166409,,88,10
4,2,base,21,14.085416,10.899774,102.869174,12.710818,0.011722,0.091900,,64,10
4,2,APMM,22,12.099461,13.488284,214.503940,40.879588,0.017713,0.116328,,86,10
4,2,ind,22,38.701784,47.147999,312.725447,43.225324,0.049624,0.196039,,86,10
4,2,base,22,10.558140,10.104508,123.343626,9.816543,0.016458,0.112859,,63,10
4,2,APMM,23,7.649533,15.711322,161.161792,39.375816,0.015549,0.101720,,80,10
4,2,ind,23,29.893559,50.395867,234.816175,38.886844,0.041877,0.163899,,80,10
4,2,base,23,8.340760,12.283050,92.908472,9.506802,0.012887,0.091315,,60,10
4,2,APMM,24,-0.996342,9.253707,146.557537,7.795020,0.016885,0.116868,,96,10
4,2,ind,24,1.118659,25.801367,171.517670,11.274079,0.023151,0.136187,,96,10
4,2,base,24,1.454656,5.076943,59.129223,1.407974,0.008974,0.076113,,68,10
4,2,APMM,25,0.280016,13.179203,165.410184,16.788352,0.016405,0.119375,,92,10
4,2,ind,25,8.936172,30.533185,191.719387,15.162873,0.028374,0.152009,,92,10
4,2,base,25,3.521984,7.800704,67.558325,3.390638,0.007727,0.088807,,66,10
4,2,APMM,26,11.478531,18.353049,195.346692,50.432443,0.014962,0.109030,,90,10
4,2,ind,26,46.841442,46.966209,284.419949,42.781836,0.038873,0.171589,,90,10
4,2,base,26,12.652279,11.432488,97.710937,11.359340,0.011002,0.097338,,65,10
4,2,APMM,27,-13.691471,22.306505,127.113818,14.073317,0.012829,0.097413,,84,10
4,2,ind,27,-14.568132,22.842584,139.275209,11.317634,0.014576,0.102365,,84,10
4,2,base,27,0.855285,4.023121,45.400776,0.837708,0.007770,0.069608,,62,10
4,2,APMM,28,-9.080826,17.742083,152.675359,15.362875,0.013922,0.104823,,96,10
4,2,ind,28,-5.082936,26.645812,172.245372,14.194021,0.019059,0.120614,,96,10
4,2,base,28,1.623259,5.498334,43.310372,1.693777,0.004639,0.058460,,68,10
4,2,APMM,29,5.903156,32.979187,192.116249,49.459911,0.021454,0.119513,,96,10
4,2,ind,29,22.615647,52.351717,239.689814,35.803386,0.033929,0.150312,,96,10
4,2,base,29,9.247488,11.001037,70.976141,8.421973,0.009715,0.079821,,68,10
4,2,APMM,30,8.884044,16.517152,182.376306,44.244310,0.012663,0.097420,,90,10
4,2,ind,30,39.242954,46.373523,251.288646,38.006305,0.036160,0.161762,,90,10
4,2,base,30,10.520831,11.871832,100.559482,10.428835,0.012097,0.099922,,65,10
4,2,APMM,31,-9.888735,23.512643,184.966808,22.209997,0.019918,0.127579,,92,10
4,2,ind,31,-12.167817,34.407499,241.361108,23.053209,0.034722,0.166169,,92,10
4,2,base,31,2.317109,5.833370,77.312753,2.096678,0.013109,0.099817,,66,10
4,2,APMM,32,5.332757,18.179802,162.965270,29.003339,0.017417,0.127292,,84,10
4,2,ind,32,20.416956,34.924584,207.629693,21.276538,0.030373,0.161247,,84,10
4,2,base,32,6.774718,8.864721,79.498712,5.486623,0.012741,0.106871,,62,10
4,2,APMM,33,-3.292862,9.471918,119.973880,3.936089,0.016910,0.120282,,84,10
4,2,ind,33,-4.108594,10.245473,148.835223,4.369553,0.021991,0.135528,,84,10
4,2,base,33,0.084058,0.965814,48.054048,0.048810,0.007795,0.075578,,62,10
4,2,APMM,34,7.632902,25.973704,184.839656,29.044256,0.025544,0.152977,,78,10
4,2,ind,34,-9.411629,27.218123,225.099743,20.834843,0.046996,0.188753,,78,10
4,2,base,34,5.781600,7.921912,92.280823,3.775498,0.019446,0.131107,,59,10
4,2,APMM,35,12.846688,17.128785,193.310999,51.339161,0.020891,0.131889,,86,10
4,2,ind,35,40.832355,42.289768,266.317035,40.957400,0.043808,0.177235,,86,10
4,2,base,35,12.077696,11.401687,106.508746,12.182319,0.015239,0.109371,,63,10
4,2,APMM,36,-9.068723,29.989209,205.077968,26.242603,0.018939,0.127164,,84,10
4,2,ind,36,-8.141460,49.488378,245.854150,22.540507,0.034774,0.159092,,84,10
4,2,base,36,3.169084,8.390695,84.624847,3.828131,0.014397,0.111432,,62,10
4,2,APMM,37,-0.330869,10.845237,159.730020,13.567898,0.017502,0.123386,,96,10
4,2,ind,37,-0.455636,17.593157,182.873701,8.797249,0.023089,0.140200,,96,10
4,2,base,37,2.047561,6.991627,62.628585,2.920404,0.009228,0.081402,,68,10
4,2,APMM,38,11.141823,19.091077,217.974460,48.566015,0.021293,0.140874,,90,10
4,2,ind,38,32.545807,41.739034,283.373844,34.140765,0.038117,0.177053,,90,10
4,2,base,38,10.349447,12.448533,113.301375,11.072255,0.015104,0.118240,,65,10
4,2,APMM,39,-4.966218,15.411286,198.201555,11.583143,0.019334,0.121628,,96,10
4,2,ind,39,-13.997957,34.145076,237.278338,22.021970,0.038036,0.162756,,96,10
4,2,base,39,-0.001003,5.869344,77.487384,1.661024,0.010186,0.091526,,68,10
5,3,APMM,0,-19.934473,28.164076,325.315713,83.103452,0.014644,0.107292,,176,23
5,3,ind,0,-49.831134,65.534480,480.386819,48.173097,0.034876,0.155703,,176,23
5,3,base,0,0.637316,4.376472,78.185434,0.964302,0.006279,0.071190,,101,23
5,3,APMM,1,-5.344908,16.691233,322.883376,35.780732,0.017514,0.124716,,172,23
5,3,ind,1,-17.922602,45.092344,436.030596,26.831458,0.036769,0.168173,,172,23
5,3,base,1,0.337320,2.991308,92.971018,0.463253,0.008664,0.085250,,101,23
5,3,APMM,2,-9.388693,24.066049,256.893131,70.754168,0.012244,0.089938,,198,23
5,3,ind,2,-18.871136,50.046179,365.815039,36.382622,0.026388,0.129630,,198,23
5,3,base,2,2.352498,6.217886,64.015177,2.123548,0.004376,0.054451,,108,23
5,3,APMM,3,-19.967758,37.846010,438.158425,118.906541,0.016814,0.111873,,210,23
5,3,ind,3,-21.259916,84.487817,645.845708,65.938808,0.043781,0.175279,,210,23
5,3,base,3,4.775315,8.736810,105.819273,5.228126,0.009181,0.079832,,110,23
5,3,APMM,4,-5.084976,16.229270,281.991098,41.754129,0.008833,0.073858,,234,23
5,3,ind,4,-5.650414,65.128178,439.167814,34.370888,0.024346,0.123890,,234,23
5,3,base,4,1.585933,5.988711,71.944336,1.894210,0.005110,0.054155,,117,23
5,3,APMM,5,4.668453,19.123237,334.526503,71.706792,0.015139,0.103261,,168,23
5,3,ind,5,8.750735,100.976763,595.942375,79.380278,0.050668,0.191119,,168,23
5,3,base,5,5.001451,9.723014,130.839322,5.838831,0.014176,0.099782,,96,23
5,3,APMM,6,-6.363132,22.847377,316.177653,44.373019,0.009474,0.081938,,220,23
5,3,ind,6,8.308165,62.691540,483.960383,28.142231,0.025257,0.136381,,220,23
5,3,base,6,2.715880,6.438261,79.489350,2.188952,0.006371,0.063761,,113,23
5,3,APMM,7,-2.275540,15.735525,261.673333,41.954534,0.010408,0.084765,,206,23
5,3,ind,7,-1.214016,54.529959,396.227553,32.008232,0.021784,0.121286,,206,23
5,3,base,7,2.315390,6.630021,60.558327,2.487148,0.003372,0.049822,,110,23
5,3,APMM,8,-6.049587,23.093015,383.386409,60.965359,0.015421,0.110289,,224,23
5,3,ind,8,-15.653520,49.830642,644.876666,35.077970,0.045643,0.178565,,224,23
5,3,base,8,2.208099,5.555817,99.105736,1.720276,0.008058,0.079519,,115,23
5,3,APMM,9,7.723523,36.980143,285.472817,205.064082,0.013565,0.093676,,182,23
5,3,ind,9,77.262501,100.267880,457.551559,79.319028,0.028905,0.140052,,182,23
5,3,base,9,14.702877,13.600771,94.274964,14.002793,0.007270,0.064597,,102,23
5,3,APMM,10,-3.479467,18.910800,289.122751,64.625559,0.012188,0.099587,,170,23
5,3,ind,10,8.121015,76.493904,509.751568,44.047377,0.042010,0.177765,,170,23
5,3,base,10,3.256589,7.914806,94.189752,3.543918,0.008593,0.083892,,97,23
5,3,APMM,11,-3.748707,16.406420,282.334740,62.482295,0.011271,0.095927,,200,23
5,3,ind,11,-13.685769,53.629568,439.516542,35.252905,0.024950,0.140982,,200,23
5,3,base,11,2.649391,6.859739,83.270050,2.760448,0.005990,0.070318,,108,23
5,3,APMM,12,0.644677,22.604415,328.836491,74.699536,0.011719,0.093885,,232,23
5,3,ind,12,13.486910,75.928179,502.121435,45.513677,0.026120,0.140276,,232,23
5,3,base,12,4.785862,7.406751,90.061305,3.382066,0.006332,0.070034,,117,23
5,3,APMM,13,15.184293,23.464444,431.631398,234.202156,0.010167,0.081670,,198,23
5,3,ind,13,140.189657,116.045964,767.334654,147.395087,0.043494,0.169387,,198,23
5,3,base,13,19.839617,13.874459,150.927327,20.057944,0.008232,0.073984,,106,23
5,3,APMM,14,7.922835,25.393578,465.848899,129.495833,0.016426,0.109581,,204,23
5,3,ind,14,58.375413,130.515152,790.767331,107.388320,0.059040,0.205470,,204,23
5,3,base,14,9.290472,11.842251,120.803589,9.644644,0.009163,0.082180,,107,23
5,3,APMM,15,-8.322508,27.093896,319.514863,79.456218,0.008991,0.082435,,220,23
5,3,ind,15,5.727241,102.002925,482.143110,63.407412,0.024850,0.130320,,220,23
5,3,base,15,4.112336,8.341893,84.758589,3.940440,0.004358,0.062239,,115,23
5,3,APMM,16,18.758933,28.745965,423.691871,216.231976,0.013485,0.091010,,198,23
5,3,ind,16,125.255946,115.400514,722.188955,114.148415,0.052676,0.182614,,198,23
5,3,base,16,18.664423,12.814770,139.868360,16.380586,0.011719,0.084191,,107,23
5,3,APMM,17,-4.632770,22.800826,350.393732,66.448131,0.010780,0.087272,,230,23
5,3,ind,17,-8.816559,67.001984,544.574292,43.020363,0.029274,0.138460,,230,23
5,3,base,17,2.838155,7.681230,77.546220,3.419459,0.005111,0.059189,,117,23
5,3,APMM,18,26.675627,41.039922,550.075792,266.834853,0.020042,0.116834,,194,23
5,3,ind,18,115.845606,175.804704,910.133834,178.055056,0.064691,0.212205,,194,23
5,3,base,18,20.496505,14.779638,179.134137,21.138625,0.012447,0.093287,,106,23
5,3,APMM,19,-2.408014,15.983417,256.568016,33.759251,0.011349,0.086540,,206,23
5,3,ind,19,-1.064746,51.755020,407.516361,22.223715,0.022095,0.118661,,206,23
5,3,base,19,1.388451,4.897689,68.605772,1.296634,0.005856,0.059911,,109,23
5,3,APMM,20,-1.561905,36.754632,367.328127,130.202029,0.016843,0.115263,,192,23
5,3,ind,20,29.886953,103.960667,601.396094,69.433765,0.049971,0.188468,,192,23
5,3,base,20,7.969317,10.700449,113.634753,7.053734,0.009886,0.090103,,105,23
5,3,APMM,21,5.030217,31.646829,357.320403,143.866710,0.011432,0.092072,,192,23
5,3,ind,21,57.901619,113.603187,706.978171,96.519457,0.049210,0.181537,,192,23
5,3,base,21,11.373177,11.648736,121.283001,11.318024,0.009956,0.083705,,104,23
5,3,APMM,22,-3.703000,49.723071,433.899419,172.372523,0.014167,0.106158,,212,23
5,3,ind,22,41.939272,148.348955,699.411482,105.205814,0.039366,0.168497,,212,23
5,3,base,22,11.621394,11.781760,113.745305,11.111565,0.006996,0.079085,,111,23
5,3,APMM,23,4.426367,20.721264,341.346174,128.942859,0.011045,0.092245,,204,23
5,3,ind,23,36.356109,97.880380,624.277581,92.903433,0.042475,0.164207,,204,23
5,3,base,23,8.096006,10.609317,109.224542,9.416523,0.006720,0.070354,,109,23
5,3,APMM,24,8.812412,22.449275,305.216468,133.825954,0.011199,0.084169,,222,23
5,3,ind,24,59.906224,82.620655,509.552418,74.342083,0.034645,0.138521,,222,23
5,3,base,24,10.645988,11.724942,87.403316,10.294818,0.005577,0.057413,,114,23
5,3,APMM,25,-2.500307,18.707345,291.666412,61.422401,0.010050,0.086926,,208,23
5,3,ind,25,-0.156642,65.275136,475.579146,37.302633,0.031406,0.146108,,208,23
5,3,base,25,3.197525,7.809118,78.222687,3.556755,0.005566,0.063173,,109,23
5,3,APMM,26,1.960594,23.208292,298.804846,78.174395,0.012066,0.092536,,220,23
5,3,ind,26,13.510150,67.148106,480.849562,44.211014,0.031783,0.139777,,220,23
5,3,base,26,4.691710,9.105268,78.237552,4.587095,0.004828,0.060286,,114,23
5,3,APMM,27,-5.234425,19.584256,274.518549,64.108531,0.009718,0.081531,,210,23
5,3,ind,27,3.129019,77.950399,428.804976,44.561264,0.025107,0.132917,,210,23
5,3,base,27,2.523102,9.164608,78.104912,4.299561,0.005925,0.061983,,110,23
5,3,APMM,28,5.111283,14.981665,304.275872,45.028012,0.014814,0.105626,,190,23
5,3,ind,28,-2.136258,61.632504,561.605454,36.940666,0.045946,0.178091,,190,23
5,3,base,28,2.220945,7.293974,99.065838,2.941149,0.010923,0.083126,,105,23
5,3,APMM,29,21.428062,22.915333,492.177406,94.766412,0.031298,0.158964,,186,23
5,3,ind,29,-71.585965,95.672758,745.298368,82.622583,0.075748,0.244979,,186,23
5,3,base,29,1.633735,6.065166,154.181378,2.073517,0.019404,0.122395,,105,23
5,3,APMM,30,6.021442,27.838025,324.614554,120.084130,0.014686,0.096802,,204,23
5,3,ind,30,45.696171,82.003180,507.874890,46.783084,0.030686,0.148224,,204,23
5,3,base,30,8.488962,9.762581,81.428673,6.381766,0.006138,0.063487,,108,23
5,3,APMM,31,-14.182116,26.821778,357.009120,103.253393,0.015691,0.105215,,194,23
5,3,ind,31,-8.094955,76.682867,523.732785,55.815972,0.041355,0.168618,,194,23
5,3,base,31,3.973667,8.356816,101.332239,4.947333,0.008973,0.081269,,106,23
5,3,APMM,32,1.864112,14.356502,281.679532,56.515115,0.010387,0.084135,,210,23
5,3,ind,32,28.890889,92.037276,468.354743,51.935888,0.031188,0.138414,,210,23
5,3,base,32,4.387156,8.463634,65.368177,4.032301,0.003686,0.049052,,112,23
5,3,APMM,33,6.588525,23.689483,293.897664,116.100015,0.016646,0.115899,,162,23
5,3,ind,33,24.936932,107.141366,483.456603,82.273505,0.057797,0.193008,,162,23
5,3,base,33,7.293816,10.384172,106.089147,6.651766,0.010058,0.088323,,96,23
5,3,APMM,34,45.298753,23.557092,511.660078,327.708350,0.016715,0.091084,,176,23
5,3,ind,34,234.953046,128.742406,1001.787384,237.744358,0.085688,0.197863,,176,23
5,3,base,34,28.379934,13.620142,200.565710,29.188979,0.010849,0.075092,,98,23
5,3,APMM,35,-2.973816,21.143316,340.890006,55.873918,0.015475,0.112497,,182,23
5,3,ind,35,5.416826,65.854390,536.091613,39.795708,0.041813,0.180582,,182,23
5,3,base,35,3.710847,8.394301,116.425188,4.295328,0.012622,0.095728,,101,23
5,3,APMM,36,0.079881,32.024541,380.019557,135.108737,0.013790,0.094846,,218,23
5,3,ind,36,29.804866,90.463072,573.130163,68.121344,0.038543,0.159096,,218,23
5,3,base,36,8.554424,10.998859,90.835544,8.029999,0.007412,0.064322,,115,23
5,3,APMM,37,-7.384702,21.696238,333.133246,78.338067,0.013144,0.106987,,180,23
5,3,ind,37,1.990748,89.038674,549.337732,49.805865,0.034591,0.167719,,180,23
5,3,base,37,4.131819,8.991500,106.598531,4.623015,0.009553,0.090696,,101,23
5,3,APMM,38,-6.155182,18.918357,337.720163,53.370069,0.011955,0.095892,,214,23
5,3,ind,38,-11.145504,69.682785,586.485475,42.316590,0.037284,0.169367,,214,23
5,3,base,38,1.545894,8.035141,104.438328,3.259908,0.009378,0.081643,,111,23
5,3,APMM,39,5.690168,18.146210,376.906711,58.217694,0.012412,0.090540,,208,23
5,3,ind,39,-9.398788,87.212080,612.265469,57.776227,0.037869,0.155394,,208,23
5,3,base,39,3.040990,6.754024,89.149777,2.919495,0.006267,0.064396,,111,23
6,3,APMM,0,-22.126688,37.377086,385.082554,158.752523,0.013614,0.109017,,212,28
6,3,ind,0,-58.567650,88.760616,620.420353,61.458541,0.035822,0.162173,,212,28
6,3,base,0,3.010585,6.538189,99.208170,2.472300,0.006593,0.074553,,122,28
6,3,APMM,1,-10.277108,17.993440,322.692695,64.417625,0.013175,0.105567,,210,28
6,3,ind,1,-15.547425,49.609825,465.858725,29.467629,0.025991,0.139856,,210,28
6,3,base,1,0.932678,5.134628,84.748564,1.361814,0.005700,0.065668,,122,28
6,3,APMM,2,-7.215401,27.613723,349.875233,167.612940,0.013164,0.096011,,238,28
6,3,ind,2,-4.269482,61.967984,580.515491,59.585201,0.028389,0.141403,,238,28
6,3,base,2,5.816755,10.029739,100.353505,7.348721,0.007251,0.065085,,129,28
6,3,APMM,3,-6.527034,39.018049,499.460607,161.003022,0.021974,0.116318,,248,28
6,3,ind,3,-7.313208,118.366487,737.543079,83.835815,0.047727,0.174288,,248,28
6,3,base,3,5.819216,9.127189,116.182123,4.988417,0.008062,0.075738,,130,28
6,3,APMM,4,7.133331,25.400357,417.856734,163.126491,0.011122,0.079576,,280,28
6,3,ind,4,32.129022,159.869523,764.147092,120.847893,0.039526,0.149580,,280,28
6,3,base,4,7.017260,11.734423,119.901471,7.799686,0.007114,0.062936,,140,28
6,3,APMM,5,-0.224531,21.072544,422.339921,157.863033,0.014771,0.109132,,200,28
6,3,ind,5,13.320079,98.848604,763.263395,86.761454,0.058421,0.210244,,200,28
6,3,base,5,6.677358,11.006554,144.733783,7.842803,0.011842,0.096237,,115,28
6,3,APMM,6,-10.966177,23.522573,408.520906,80.138508,0.010212,0.083140,,270,28
6,3,ind,6,-6.458066,92.200950,674.778888,56.848103,0.030169,0.142793,,270,28
6,3,base,6,2.824004,7.048801,104.203452,2.742987,0.006736,0.064630,,138,28
6,3,APMM,7,-2.149622,18.507804,320.881350,93.979714,0.013354,0.099416,,232,28
6,3,ind,7,-9.232260,55.557409,494.676643,46.116426,0.030932,0.149321,,232,28
6,3,base,7,4.401700,8.477080,111.631765,4.085556,0.009517,0.080512,,126,28
6,3,APMM,8,4.828955,21.408552,444.913732,66.691898,0.012805,0.096851,,268,28
6,3,ind,8,-23.976779,76.812153,804.237003,58.904761,0.050006,0.185196,,268,28
6,3,base,8,2.516494,6.113004,117.322576,2.117492,0.007221,0.074413,,138,28
6,3,APMM,9,-3.318890,24.717747,395.160800,122.051385,0.015215,0.103592,,220,28
6,3,ind,9,6.426628,111.595092,667.135706,84.458167,0.046732,0.174506,,220,28
6,3,base,9,5.486302,10.199390,126.704651,6.016007,0.010609,0.082140,,122,28
6,3,APMM,10,12.800811,27.400906,399.571740,306.110356,0.012249,0.093301,,218,28
6,3,ind,10,109.111138,120.254434,811.034201,127.983545,0.050275,0.185454,,218,28
6,3,base,10,15.907755,14.153542,143.491056,16.498040,0.010150,0.080812,,121,28
6,3,APMM,11,-17.759841,33.967824,425.429206,190.974431,0.012586,0.103357,,230,28
6,3,ind,11,0.455930,107.003347,651.583804,87.430129,0.030192,0.155318,,230,28
6,3,base,11,6.400942,9.196150,112.594285,6.249027,0.006268,0.072258,,128,28
6,3,APMM,12,-1.013507,36.606768,422.270016,209.321948,0.011840,0.091875,,266,28
6,3,ind,12,14.332619,98.749961,659.763746,73.266093,0.031960,0.145469,,266,28
6,3,base,12,9.251674,11.474935,99.710325,9.035630,0.004956,0.058681,,137,28
6,3,APMM,13,9.546546,29.217939,506.141680,236.516727,0.015731,0.105100,,248,28
6,3,ind,13,52.833837,141.461848,842.219144,124.911601,0.049048,0.179374,,248,28
6,3,base,13,9.991355,11.670342,147.457851,9.897267,0.009514,0.082809,,130,28
6,3,APMM,14,-9.187660,36.733315,433.655870,177.412007,0.015071,0.110141,,240,28
6,3,ind,14,-5.937940,77.967566,718.005611,68.183392,0.041666,0.176669,,240,28
6,3,base,14,5.118281,9.335380,113.636549,5.200492,0.007772,0.077720,,128,28
6,3,APMM,15,-16.379531,24.148700,298.555284,82.823456,0.009367,0.076911,,260,28
6,3,ind,15,-10.275933,52.366705,422.310639,32.098065,0.017200,0.105749,,260,28
6,3,base,15,2.240491,5.279765,60.596711,1.531443,0.002554,0.041865,,137,28
6,3,APMM,16,1.742543,27.777469,521.657214,210.085940,0.015607,0.107564,,228,28
6,3,ind,16,53.226326,122.586204,864.427161,99.872554,0.053147,0.195750,,228,28
6,3,base,16,9.713220,12.117603,151.642532,11.205205,0.010044,0.087606,,125,28
6,3,APMM,17,-2.369495,35.479913,487.828551,270.305485,0.015371,0.102046,,272,28
6,3,ind,17,10.508211,146.071476,791.676933,115.551382,0.043430,0.165865,,272,28
6,3,base,17,7.535523,12.269463,133.301115,8.840141,0.009383,0.078119,,140,28
6,3,APMM,18,3.201292,43.764396,387.544002,275.235083,0.016243,0.100059,,224,28
6,3,ind,18,40.718703,87.680382,694.384630,86.038542,0.041540,0.161534,,224,28
6,3,base,18,11.655128,11.207585,124.560755,11.870487,0.010157,0.074631,,124,28
6,3,APMM,19,2.621583,30.176954,452.632072,203.049774,0.011974,0.084360,,268,28
6,3,ind,19,83.902610,158.179553,776.074131,130.152463,0.046984,0.157619,,268,28
6,3,base,19,11.617674,12.606255,134.830973,10.558504,0.007559,0.070403,,137,28
6,3,APMM,20,3.805155,40.404158,479.095994,252.356758,0.015818,0.114439,,226,28
6,3,ind,20,54.536249,174.266860,909.077952,139.737234,0.063041,0.207340,,226,28
6,3,base,20,10.866327,13.966454,146.225974,12.492266,0.008842,0.088216,,124,28
6,3,APMM,21,22.968326,31.151159,437.095764,362.614523,0.012170,0.095303,,228,28
6,3,ind,21,146.171665,104.471816,826.225179,120.923408,0.047663,0.185142,,228,28
6,3,base,21,21.198975,13.288233,151.590421,19.848359,0.009184,0.077116,,124,28
6,3,APMM,22,10.435645,20.257021,483.143934,126.344270,0.017857,0.114529,,250,28
6,3,ind,22,-29.282421,101.971849,733.096663,81.986180,0.053514,0.188359,,250,28
6,3,base,22,2.694089,8.869447,129.871255,3.944795,0.008859,0.081713,,133,28
6,3,APMM,23,8.478534,22.401397,444.265229,152.082571,0.013711,0.101935,,246,28
6,3,ind,23,47.693833,113.478612,759.989751,84.863213,0.042306,0.177497,,246,28
6,3,base,23,7.613360,10.129210,130.910001,6.858275,0.008599,0.082388,,131,28
6,3,APMM,24,-11.792410,33.628050,356.569731,152.435942,0.012634,0.089526,,252,28
6,3,ind,24,-5.219667,106.085777,566.974555,66.330630,0.027906,0.128884,,252,28
6,3,base,24,5.420439,8.720019,90.409424,4.241011,0.006657,0.060951,,133,28
6,3,APMM,25,-6.718164,28.699549,325.886773,172.589996,0.008991,0.079104,,238,28
6,3,ind,25,41.903866,104.671883,578.514101,70.388171,0.026600,0.133085,,238,28
6,3,base,25,8.303108,10.522200,97.823433,7.238767,0.005788,0.062342,,128,28
6,3,APMM,26,-2.156308,16.966338,282.639342,63.668315,0.008912,0.078063,,250,28
6,3,ind,26,4.803001,57.629559,462.201248,28.120592,0.021036,0.119227,,250,28
6,3,base,26,3.158014,6.564541,73.365590,2.429445,0.003989,0.051376,,132,28
6,3,APMM,27,-0.816584,17.476533,347.824243,62.321402,0.011868,0.088117,,242,28
6,3,ind,27,-6.266597,63.041529,566.327115,39.103162,0.032169,0.143496,,242,28
6,3,base,27,2.843512,6.893708,97.971146,2.704816,0.007317,0.067316,,129,28
6,3,APMM,28,-6.311816,21.355630,401.858992,55.438277,0.013319,0.108169,,234,28
6,3,ind,28,-17.227936,59.816917,680.899661,33.602248,0.036541,0.171114,,234,28
6,3,base,28,1.260731,6.117412,119.335541,1.884060,0.009543,0.087593,,127,28
6,3,APMM,29,-11.606898,28.904732,427.903408,95.728130,0.016609,0.117108,,232,28
6,3,ind,29,-22.878749,73.868475,699.954901,50.826697,0.039478,0.176413,,232,28
6,3,base,29,2.566861,7.597347,122.754848,3.182379,0.009978,0.085769,,127,28
6,3,APMM,30,-5.538366,21.145079,374.193848,107.906657,0.012218,0.092248,,242,28
6,3,ind,30,21.193770,83.019121,660.857090,60.648386,0.033278,0.151317,,242,28
6,3,base,30,4.732295,7.695143,103.209549,4.502124,0.007278,0.069601,,128,28
6,3,APMM,31,-5.877138,28.074257,469.662707,108.652380,0.016378,0.106589,,236,28
6,3,ind,31,-19.757855,112.636288,711.264007,70.803066,0.048334,0.175235,,236,28
6,3,base,31,2.802544,6.856496,128.409440,2.627702,0.010073,0.084159,,128,28
6,3,APMM,32,1.215740,18.863510,339.661292,87.942634,0.012010,0.094202,,252,28
6,3,ind,32,10.642370,70.821989,553.649468,37.096712,0.029784,0.140217,,252,28
6,3,base,32,3.356800,9.100639,82.430805,4.333838,0.004342,0.054889,,134,28
6,3,APMM,33,-1.423463,19.644670,295.415627,77.264826,0.012736,0.098799,,202,28
6,3,ind,33,-24.105871,69.895731,557.310818,49.516542,0.038415,0.167175,,202,28
6,3,base,33,2.691683,6.578814,93.157762,2.407731,0.007467,0.071644,,117,28
6,3,APMM,34,1.275340,20.269133,408.027457,109.337417,0.016251,0.117960,,206,28
6,3,ind,34,8.493814,82.186531,730.836345,52.021511,0.047492,0.195713,,206,28
6,3,base,34,5.154135,9.518232,128.750826,5.237219,0.012537,0.096934,,116,28
6,3,APMM,35,-9.225793,21.777557,401.815366,60.912096,0.014347,0.103765,,240,28
6,3,ind,35,-18.079638,78.352613,665.963610,45.470575,0.035923,0.160278,,240,28
6,3,base,35,1.397473,5.370967,115.618765,1.551891,0.009491,0.078824,,128,28
6,3,APMM,36,-10.099709,31.095640,479.617246,154.971171,0.012774,0.095578,,268,28
6,3,ind,36,-29.926323,120.786018,795.110998,102.829872,0.041704,0.156466,,268,28
6,3,base,36,1.630838,11.992751,110.722457,7.019105,0.005949,0.062609,,140,28
6,3,APMM,37,-24.199975,28.356364,486.634255,120.771186,0.013237,0.103785,,242,28
6,3,ind,37,-42.550287,91.137771,739.675416,62.088556,0.035083,0.164383,,242,28
6,3,base,37,1.841143,7.279675,115.260858,2.850822,0.007749,0.080749,,129,28
6,3,APMM,38,30.923692,38.910765,463.081705,326.523692,0.015563,0.108448,,250,28
6,3,ind,38,76.749363,73.265479,690.987053,71.325039,0.037614,0.167043,,250,28
6,3,base,38,20.483957,11.959804,153.115224,15.319527,0.012353,0.090084,,131,28
6,3,APMM,39,-4.892317,16.490070,307.019698,58.303721,0.007197,0.070145,,258,28
6,3,ind,39,10.086189,67.515680,527.251948,32.871053,0.022380,0.118973,,258,28
6,3,base,39,2.601081,6.361933,68.047094,2.281157,0.002859,0.044667,,135,28
7,3,APMM,0,-18.887163,47.349320,607.470491,311.787923,0.023294,0.130408,,254,32
7,3,ind,0,-82.840109,144.226879,992.201960,101.938002,0.051958,0.191694,,254,32
7,3,base,0,4.371175,7.622397,149.058667,3.371293,0.012850,0.091763,,144,32
7,3,APMM,1,-13.525300,21.774903,369.369225,87.659311,0.013127,0.099719,,242,32
7,3,ind,1,-13.924255,75.775941,532.393478,40.452395,0.025618,0.136017,,242,32
7,3,base,1,1.120921,6.365165,87.361124,1.984676,0.004764,0.057310,,141,32
7,3,APMM,2,3.367496,31.580096,449.717787,322.289374,0.014223,0.098785,,276,32
7,3,ind,2,38.860538,106.489785,824.636483,121.332023,0.044422,0.162443,,276,32
7,3,base,2,8.253467,12.467423,145.188368,12.588125,0.008914,0.075863,,149,32
7,3,APMM,3,-12.269012,38.144587,642.697844,301.878605,0.017388,0.109384,,280,32
7,3,ind,3,12.246242,147.773989,1035.140031,131.829540,0.049961,0.184424,,280,32
7,3,base,3,7.741994,12.253765,159.791672,9.319398,0.009615,0.083318,,151,32
7,3,APMM,4,-11.404217,27.108212,422.593105,159.234619,0.010874,0.087635,,310,32
7,3,ind,4,-21.924366,72.129971,697.585202,59.794662,0.031029,0.144936,,310,32
7,3,base,4,3.249616,7.368646,109.138213,3.049446,0.005212,0.061888,,159,32
7,3,APMM,5,11.276868,30.761172,443.130266,480.791447,0.012982,0.099326,,242,32
7,3,ind,5,118.023228,124.527235,825.459748,127.642645,0.047587,0.185591,,242,32
7,3,base,5,16.743454,15.846918,166.219216,18.714482,0.010441,0.086231,,138,32
7,3,APMM,6,-15.825305,26.013187,451.178018,173.868515,0.012080,0.087842,,306,32
7,3,ind,6,-21.021131,98.340851,711.774831,77.925387,0.029882,0.145920,,306,32
7,3,base,6,2.085468,8.447260,111.600608,3.681902,0.005570,0.059450,,159,32
7,3,APMM,7,-7.152185,23.585038,379.199272,124.647628,0.011518,0.090136,,276,32
7,3,ind,7,1.874412,59.960351,570.007187,40.526418,0.024898,0.129217,,276,32
7,3,base,7,4.266256,7.588291,107.418263,4.036227,0.005863,0.060248,,149,32
7,3,APMM,8,-0.055744,25.776706,512.783475,229.604640,0.011703,0.092679,,304,32
7,3,ind,8,59.332676,147.351554,918.176611,115.520907,0.044676,0.174243,,304,32
7,3,base,8,8.358132,11.357261,143.201980,7.856321,0.006850,0.071558,,159,32
7,3,APMM,9,-1.737715,27.249756,467.067048,178.470164,0.014275,0.098942,,260,32
7,3,ind,9,-49.338033,117.896568,851.164295,88.791764,0.049635,0.183287,,260,32
7,3,base,9,4.236372,8.278738,160.248656,4.191930,0.011304,0.085069,,144,32
7,3,APMM,10,-13.543998,26.597768,484.949485,200.527190,0.012972,0.098997,,252,32
7,3,ind,10,-6.602849,119.186849,921.256070,94.020818,0.051462,0.188320,,252,32
7,3,base,10,4.175201,9.651701,136.969096,5.503936,0.008797,0.080188,,140,32
7,3,APMM,11,-19.562731,29.154698,365.297596,131.531966,0.011737,0.091474,,268,32
7,3,ind,11,-21.133033,59.925431,549.774952,42.072975,0.023797,0.129689,,268,32
7,3,base,11,2.507963,6.594160,88.046730,2.327170,0.004703,0.055035,,150,32
7,3,APMM,12,-17.321116,29.305580,429.148817,135.693141,0.012887,0.094584,,294,32
7,3,ind,12,-11.324599,70.087505,637.136342,44.938258,0.026312,0.133574,,294,32
7,3,base,12,3.394917,7.669051,96.833100,3.288138,0.004787,0.057241,,156,32
7,3,APMM,13,-19.282957,35.006741,565.124919,285.219978,0.013242,0.092675,,288,32
7,3,ind,13,-14.216821,127.785783,1013.582277,139.038229,0.048426,0.176610,,288,32
7,3,base,13,5.662237,10.550770,166.443907,9.259680,0.009820,0.077620,,152,32
7,3,APMM,14,-2.793553,34.745644,501.523824,272.016371,0.013019,0.099093,,286,32
7,3,ind,14,40.008433,145.066614,907.149818,114.039439,0.040436,0.170812,,286,32
7,3,base,14,8.361147,11.891360,130.917555,8.480378,0.006379,0.072230,,151,32
7,3,APMM,15,-65.947794,53.507916,541.974294,341.396365,0.016356,0.099372,,294,32
7,3,ind,15,-79.423631,87.719571,761.330489,91.535184,0.030659,0.143431,,294,32
7,3,base,15,2.367857,6.464643,105.843425,2.463595,0.005678,0.063499,,157,32
7,3,APMM,16,0.109345,27.816490,517.914969,253.863400,0.014653,0.107787,,258,32
7,3,ind,16,-1.146790,105.691127,863.986373,83.240376,0.046448,0.195110,,258,32
7,3,base,16,8.309770,11.221802,174.199052,7.846518,0.013491,0.101752,,143,32
7,3,APMM,17,-2.460355,30.712951,542.096516,293.958610,0.014392,0.100027,,300,32
7,3,ind,17,33.564566,135.960715,936.564965,114.912830,0.056931,0.187158,,300,32
7,3,base,17,6.972235,13.837893,140.613584,10.667673,0.006661,0.068492,,158,32
7,3,APMM,18,-38.439220,40.870011,431.630829,259.802411,0.014900,0.095002,,260,32
7,3,ind,18,-29.301002,81.654713,637.529709,70.709708,0.028828,0.134187,,260,32
7,3,base,18,4.596553,8.371456,101.747730,4.372880,0.007128,0.062907,,145,32
7,3,APMM,19,5.352017,19.766989,397.624412,197.616520,0.010953,0.090239,,302,32
7,3,ind,19,48.837782,91.454729,691.031716,65.999363,0.030324,0.146011,,302,32
7,3,base,19,7.201274,10.444783,126.934642,7.193106,0.007481,0.070617,,156,32
7,3,APMM,20,-15.369669,39.303718,479.585808,312.202158,0.011921,0.089593,,264,32
7,3,ind,20,12.064470,176.366321,968.611139,144.691404,0.052940,0.179664,,264,32
7,3,base,20,8.174866,13.310775,143.937023,10.366500,0.008339,0.073452,,145,32
7,3,APMM,21,-13.400971,30.625270,423.687179,196.610830,0.012729,0.103678,,254,32
7,3,ind,21,5.182366,66.088116,710.353385,51.368562,0.033366,0.166400,,254,32
7,3,base,21,6.204737,9.397877,135.014078,6.139502,0.008839,0.085015,,141,32
7,3,APMM,22,-14.096094,28.675055,432.957214,217.540254,0.012901,0.098848,,284,32
7,3,ind,22,-15.349223,95.114106,689.400393,74.293635,0.030093,0.142730,,284,32
7,3,base,22,3.531829,10.378583,116.575198,5.663576,0.005634,0.067033,,152,32
7,3,APMM,23,3.872500,31.595872,657.800861,240.712045,0.022511,0.114744,,280,32
7,3,ind,23,9.088616,145.965332,1073.033744,129.448978,0.072236,0.216386,,280,32
7,3,base,23,6.699043,10.885150,188.417600,7.160361,0.019354,0.099675,,150,32
7,3,APMM,24,-11.787347,28.876939,469.223579,166.252578,0.013888,0.101422,,286,32
7,3,ind,24,-14.571016,73.388064,746.012669,55.040508,0.032285,0.149829,,286,32
7,3,base,24,2.465372,8.731816,126.710114,4.283401,0.008053,0.075584,,151,32
7,3,APMM,25,-8.312368,28.317582,437.045374,228.312257,0.011235,0.090165,,270,32
7,3,ind,25,-0.276412,120.958864,741.612397,86.032599,0.036615,0.151957,,270,32
7,3,base,25,5.749347,9.061814,120.601065,5.770078,0.006586,0.067529,,147,32
7,3,APMM,26,6.535821,23.534834,386.108904,260.219082,0.009413,0.077650,,298,32
7,3,ind,26,85.885588,119.152456,711.796147,93.073822,0.029844,0.129495,,298,32
7,3,base,26,10.945891,12.902405,104.026214,10.740523,0.004285,0.051371,,155,32
7,3,APMM,27,0.964104,27.662328,444.496025,298.691438,0.011468,0.085016,,272,32
7,3,ind,27,48.791595,122.929011,770.524149,113.234373,0.040402,0.159928,,272,32
7,3,base,27,9.861225,13.121223,141.950303,10.696130,0.009125,0.069647,,148,32
7,3,APMM,28,21.558265,25.432611,458.902280,442.246682,0.011263,0.088167,,264,32
7,3,ind,28,149.423166,115.066836,993.065109,146.021540,0.044033,0.176052,,264,32
7,3,base,28,19.016720,13.619277,167.011776,19.024176,0.008313,0.071925,,145,32
7,3,APMM,29,18.161244,31.425089,538.316257,393.042753,0.015698,0.107970,,270,32
7,3,ind,29,116.507267,146.713631,1029.021152,151.687501,0.057439,0.206932,,270,32
7,3,base,29,16.104746,13.459200,173.271830,15.053465,0.010604,0.086216,,148,32
7,3,APMM,30,7.172316,30.745094,457.104885,301.978890,0.014095,0.104374,,270,32
7,3,ind,30,20.573123,75.627066,762.312358,61.730428,0.041593,0.171805,,270,32
7,3,base,30,12.217216,12.071415,146.344978,11.436910,0.009586,0.080060,,146,32
7,3,APMM,31,1.077124,30.432857,465.928424,366.818515,0.015339,0.102559,,278,32
7,3,ind,31,65.135908,109.684927,815.005956,104.727810,0.040892,0.164668,,278,32
7,3,base,31,12.703579,12.512700,148.451565,12.826660,0.009352,0.077096,,150,32
7,3,APMM,32,-7.213367,25.628928,462.355576,151.325202,0.011425,0.093686,,282,32
7,3,ind,32,27.481497,115.651463,734.652798,80.701058,0.030698,0.149444,,282,32
7,3,base,32,5.440651,8.998005,120.303156,4.722041,0.006029,0.066910,,153,32
7,3,APMM,33,-17.038954,24.434644,399.044435,137.563310,0.015348,0.112253,,250,32
7,3,ind,33,-45.629296,63.284413,630.594405,49.375381,0.034993,0.163159,,250,32
7,3,base,33,0.232318,4.435637,122.220694,0.956863,0.009715,0.083883,,140,32
7,3,APMM,34,6.121056,30.360608,532.244436,301.052110,0.013298,0.099485,,260,32
7,3,ind,34,72.635825,145.314385,1004.391180,124.624302,0.057890,0.205433,,260,32
7,3,base,34,10.697521,13.267692,162.260983,11.090468,0.010366,0.088231,,142,32
7,3,APMM,35,-4.682558,33.621892,532.473500,305.503556,0.013528,0.101904,,278,32
7,3,ind,35,49.959188,111.965646,868.448418,102.962295,0.040769,0.175364,,278,32
7,3,base,35,11.222914,12.877537,153.658790,11.559928,0.009837,0.083327,,149,32
7,3,APMM,36,2.715353,37.686888,559.937734,335.508302,0.012822,0.096894,,304,32
7,3,ind,36,68.875613,134.998255,882.888901,114.826904,0.035890,0.160265,,304,32
7,3,base,36,12.843064,11.652153,141.814025,10.462216,0.007072,0.068912,,160,32
7,3,APMM,37,-21.351865,45.230094,532.055752,305.076995,0.016188,0.107795,,272,32
7,3,ind,37,-13.585088,111.772950,811.468956,87.734891,0.038505,0.171030,,272,32
7,3,base,37,7.361272,10.007413,138.373921,6.795424,0.009631,0.079794,,148,32
7,3,APMM,38,-7.881343,18.090335,427.936989,72.995791,0.011962,0.095467,,296,32
7,3,ind,38,-11.325977,64.281472,704.765872,35.340042,0.031656,0.150877,,296,32
7,3,base,38,1.618266,5.340677,106.247536,1.486517,0.006409,0.065388,,154,32
7,3,APMM,39,10.169773,28.320528,415.334822,308.048447,0.011345,0.086063,,292,32
7,3,ind,39,35.174815,98.413300,722.348542,83.466271,0.031978,0.139208,,292,32
7,3,base,39,10.214434,11.362684,112.840945,9.690121,0.006034,0.056495,,155,32
8,3,APMM,0,13.247289,45.740347,619.447962,616.029851,0.012644,0.093356,,328,37
8,3,ind,0,159.820076,160.023893,1106.879190,170.970239,0.043868,0.171843,,328,37
8,3,base,0,17.845057,13.080919,181.092428,15.821614,0.008529,0.075085,,174,37
8,3,APMM,1,2.118258,24.842304,580.935484,311.152852,0.012893,0.090602,,322,37
8,3,ind,1,14.178951,155.828164,944.309011,138.416562,0.040715,0.166283,,322,37
8,3,base,1,5.784193,12.459062,177.369587,8.914311,0.008610,0.072438,,171,37
8,3,APMM,2,-4.677354,25.735910,545.840547,343.508467,0.012521,0.093871,,304,37
8,3,ind,2,-8.306205,132.622626,963.765526,144.892182,0.042690,0.176292,,304,37
8,3,base,2,6.336992,11.860469,171.363867,9.372366,0.008583,0.076838,,167,37
8,3,APMM,3,-0.808238,32.380372,538.197904,339.612090,0.013340,0.101543,,328,37
8,3,ind,3,22.526628,112.563489,944.113177,75.341881,0.038189,0.172067,,328,37
8,3,base,3,8.883522,10.762736,162.702494,8.303226,0.009570,0.082122,,172,37
8,3,APMM,4,-9.093267,30.625756,623.611767,289.509380,0.013535,0.098825,,344,37
8,3,ind,4,-11.684996,140.114990,1106.594741,128.639753,0.046846,0.181730,,344,37
8,3,base,4,7.329512,7.993546,165.219189,5.056341,0.007743,0.074981,,179,37
8,3,APMM,5,10.396126,28.006365,744.060957,426.725022,0.013419,0.088721,,348,37
8,3,ind,5,60.536323,159.730866,1550.280231,212.305254,0.073975,0.218612,,348,37
8,3,base,5,11.754881,10.351122,213.630335,11.447330,0.010571,0.079275,,180,37
8,3,APMM,6,6.247424,49.403684,636.266057,688.267773,0.013487,0.097127,,328,37
8,3,ind,6,114.137594,165.586005,1141.646597,174.848953,0.043356,0.167041,,328,37
8,3,base,6,17.373816,15.155951,180.753965,18.348302,0.006982,0.069266,,175,37
8,3,APMM,7,21.600048,32.426215,566.572345,627.098561,0.012334,0.089270,,328,37
8,3,ind,7,167.795784,153.815748,1030.423109,165.966572,0.046032,0.172556,,328,37
8,3,base,7,20.328996,15.037001,175.213333,18.590119,0.007156,0.065802,,174,37
8,3,APMM,8,1.593377,46.632566,593.970272,706.207352,0.012663,0.089570,,338,37
8,3,ind,8,133.090077,218.043494,1086.693289,231.304185,0.041221,0.168333,,338,37
8,3,base,8,18.808320,17.036577,205.548028,19.743227,0.007740,0.073575,,176,37
8,3,APMM,9,2.738127,31.753943,556.514064,541.460137,0.011638,0.086187,,314,37
8,3,ind,9,119.380507,154.700025,1051.678114,165.356199,0.049156,0.175001,,314,37
8,3,base,9,16.792461,15.652166,173.797947,17.390950,0.008091,0.070065,,169,37
8,3,APMM,10,14.750821,32.057346,549.153164,607.866492,0.012678,0.094132,,320,37
8,3,ind,10,114.769947,128.311567,1004.989723,143.510289,0.037083,0.161226,,320,37
8,3,base,10,17.255054,13.901224,169.691450,17.947219,0.007986,0.068571,,172,37
8,3,APMM,11,-20.907644,33.100764,528.413076,254.346970,0.010943,0.088478,,332,37
8,3,ind,11,-20.143588,110.378634,870.205590,87.229941,0.029801,0.137857,,332,37
8,3,base,11,4.549080,9.100527,118.516445,4.831131,0.005498,0.060164,,175,37
8,3,APMM,12,-0.427008,25.973273,461.027946,324.951696,0.010466,0.085355,,324,37
8,3,ind,12,63.335263,121.245697,883.898680,106.639257,0.035207,0.153032,,324,37
8,3,base,12,9.358675,11.083243,132.189279,9.108325,0.005078,0.060844,,173,37
8,3,APMM,13,27.205187,32.319006,569.904776,741.205041,0.016448,0.107564,,280,37
8,3,ind,13,175.748543,129.106650,1030.531684,165.841807,0.053477,0.196693,,280,37
8,3,base,13,24.331003,16.238675,200.991831,23.770553,0.010719,0.086270,,159,37
8,3,APMM,14,-0.532351,30.425407,542.199524,377.302552,0.013593,0.103296,,308,37
8,3,ind,14,37.109147,153.375845,966.099701,140.483045,0.044079,0.181250,,308,37
8,3,base,14,7.408935,13.899703,174.135508,10.413202,0.008372,0.081557,,168,37
8,3,APMM,15,3.509288,28.040214,418.119148,422.882349,0.008863,0.079311,,298,37
8,3,ind,15,81.595290,133.705997,770.199920,111.355542,0.034264,0.153396,,298,37
8,3,base,15,10.989903,13.544276,131.966499,11.829134,0.005415,0.059536,,168,37
8,3,APMM,16,1.794757,25.770401,651.084396,217.872101,0.015386,0.115265,,312,37
8,3,ind,16,-12.772838,107.155073,1148.861482,74.042809,0.064707,0.226609,,312,37
8,3,base,16,4.615173,9.138249,204.667457,4.878520,0.012335,0.103304,,168,37
8,3,APMM,17,-0.911914,29.660326,471.435859,276.712132,0.013788,0.102152,,306,37
8,3,ind,17,7.626516,80.282612,795.396983,72.529206,0.039363,0.169220,,306,37
8,3,base,17,7.430334,10.246303,155.043188,6.256637,0.008752,0.081808,,167,37
8,3,APMM,18,-9.238209,21.031147,409.502576,160.248192,0.011059,0.087393,,316,37
8,3,ind,18,-13.889595,94.589683,742.817244,62.842376,0.029967,0.142031,,316,37
8,3,base,18,2.236138,8.746539,120.342039,3.934038,0.006245,0.062499,,171,37
8,3,APMM,19,-6.026528,29.679415,418.323564,339.473868,0.011369,0.087362,,302,37
8,3,ind,19,39.935679,109.512904,684.006540,84.837398,0.029088,0.138646,,302,37
8,3,base,19,8.790256,12.094795,114.708171,8.596973,0.005546,0.057669,,166,37
8,3,APMM,20,-8.272437,33.110687,533.488282,416.466288,0.010056,0.083805,,348,37
8,3,ind,20,32.331914,124.732860,975.900052,113.492124,0.034296,0.148069,,348,37
8,3,base,20,9.793124,12.130449,130.560155,9.688442,0.005582,0.060622,,179,37
8,3,APMM,21,-7.569370,25.362730,616.852154,133.125912,0.011698,0.091104,,372,37
8,3,ind,21,-44.111266,113.693500,1045.842836,87.568807,0.043152,0.174134,,372,37
8,3,base,21,1.770434,6.476693,156.034297,2.229073,0.007567,0.070846,,186,37
8,3,APMM,22,-6.938645,22.139053,453.978872,196.937633,0.012341,0.101820,,310,37
8,3,ind,22,-4.878016,87.631527,773.113082,58.908061,0.032356,0.160223,,310,37
8,3,base,22,2.759680,8.446002,137.526562,3.784205,0.007420,0.075775,,167,37
8,3,APMM,23,-6.136462,32.067877,640.534665,373.789438,0.012868,0.099135,,334,37
8,3,ind,23,50.306742,166.070352,1132.738358,144.873600,0.045245,0.185332,,334,37
8,3,base,23,8.501506,13.358379,176.950100,10.437107,0.008368,0.079296,,175,37
8,3,APMM,24,2.587069,24.568556,505.648182,395.540998,0.012196,0.096512,,318,37
8,3,ind,24,67.454408,96.913905,873.342713,82.585960,0.033780,0.151668,,318,37
8,3,base,24,10.124541,13.471298,151.433118,12.005627,0.007751,0.071680,,171,37
8,3,APMM,25,9.088151,23.408049,542.387984,390.820554,0.010081,0.083280,,328,37
8,3,ind,25,100.072851,154.556020,1111.025442,161.223932,0.048454,0.180032,,328,37
8,3,base,25,11.766387,12.502826,156.187007,12.288748,0.006517,0.065660,,175,37
8,3,APMM,26,-20.415945,32.254687,526.689780,206.137551,0.012034,0.092821,,310,37
8,3,ind,26,-44.876634,109.069249,831.955498,86.472361,0.036955,0.158355,,310,37
8,3,base,26,2.528897,7.944107,143.004939,3.369135,0.006921,0.069491,,173,37
8,3,APMM,27,-9.333512,24.485075,503.723077,200.155980,0.012402,0.095871,,320,37
8,3,ind,27,-43.423396,99.472853,872.065972,76.634677,0.038463,0.159388,,320,37
8,3,base,27,1.455398,9.536908,141.005908,4.952602,0.007930,0.069670,,171,37
8,3,APMM,28,1.386872,26.288599,521.612035,385.732497,0.014122,0.106477,,288,37
8,3,ind,28,57.917495,111.607037,963.077373,101.034980,0.049681,0.188423,,288,37
8,3,base,28,10.592481,13.445057,172.415793,11.382896,0.009662,0.085928,,161,37
8,3,APMM,29,-9.272192,25.819876,395.616993,220.499631,0.010587,0.086451,,292,37
8,3,ind,29,20.224246,95.334409,708.366020,63.394091,0.026991,0.136776,,292,37
8,3,base,29,5.918531,9.505983,120.685860,5.546994,0.006405,0.065728,,161,37
8,3,APMM,30,-10.790334,35.050356,630.532333,241.430972,0.016230,0.109205,,322,37
8,3,ind,30,-58.079153,116.572497,1014.027118,99.292119,0.046255,0.187736,,322,37
8,3,base,30,1.889512,5.647047,173.527487,1.862176,0.011062,0.087261,,172,37
8,3,APMM,31,-10.482090,24.823795,471.793659,191.678226,0.010986,0.087655,,340,37
8,3,ind,31,-42.652787,80.593577,743.216200,73.136604,0.027941,0.142944,,340,37
8,3,base,31,2.153262,9.277708,122.165137,4.533643,0.005134,0.061256,,177,37
8,3,APMM,32,-8.848420,20.076087,411.285151,119.713601,0.009849,0.087004,,312,37
8,3,ind,32,-15.915408,91.093792,684.442105,51.946747,0.028359,0.143241,,312,37
8,3,base,32,1.397671,6.435244,111.803862,2.044870,0.005438,0.060574,,170,37
8,3,APMM,33,-16.094916,43.691228,621.703870,473.337729,0.013129,0.095891,,352,37
8,3,ind,33,40.222993,136.631177,976.900090,130.849269,0.031889,0.153518,,352,37
8,3,base,33,11.574374,12.773535,155.166278,11.414742,0.006305,0.068056,,183,37
8,3,APMM,34,7.246008,27.101789,517.417027,242.192223,0.013900,0.098852,,334,37
8,3,ind,34,16.506460,94.614234,860.360422,73.564536,0.037523,0.161822,,334,37
8,3,base,34,6.720632,9.304626,145.907632,5.427032,0.008002,0.071714,,175,37
8,3,APMM,35,-15.408252,32.902957,557.400689,254.218849,0.012401,0.097686,,338,37
8,3,ind,35,-12.626261,107.938304,984.488012,79.285006,0.039898,0.175105,,338,37
8,3,base,35,5.276510,9.117669,149.934489,4.556174,0.007025,0.076943,,176,37
8,3,APMM,36,22.680602,27.054747,551.466104,672.367136,0.011872,0.090444,,334,37
8,3,ind,36,179.125478,156.546019,1124.421881,176.679029,0.041396,0.162381,,334,37
8,3,base,36,21.524084,15.762443,188.313297,21.683726,0.006844,0.067276,,176,37
8,3,APMM,37,-7.974625,26.455469,499.580734,241.531610,0.012569,0.092258,,338,37
8,3,ind,37,8.713781,111.708403,788.526957,75.715640,0.029291,0.139630,,338,37
8,3,base,37,5.297822,10.850984,130.886494,6.269880,0.006025,0.065103,,174,37
8,3,APMM,38,-6.704747,33.384452,729.561115,323.273456,0.013555,0.100288,,340,37
8,3,ind,38,-40.170636,146.617362,1280.359225,130.174906,0.048996,0.193237,,340,37
8,3,base,38,7.003970,10.163847,202.999684,7.211275,0.011363,0.092315,,176,37
8,3,APMM,39,-14.123626,25.773777,410.749219,181.954950,0.008766,0.076300,,368,37
8,3,ind,39,-0.373077,93.958079,669.836508,62.174398,0.019420,0.116338,,368,37
8,3,base,39,3.559329,7.765839,91.220949,3.328834,0.002871,0.045351,,187,37
9,3,APMM,0,-2.530931,33.821757,610.499304,497.744311,0.013067,0.098927,,372,41
9,3,ind,0,27.625596,135.225505,1033.883426,99.461898,0.038037,0.159045,,372,41
9,3,base,0,9.668289,11.974428,162.435627,9.005647,0.007645,0.071233,,197,41
9,3,APMM,1,-12.692528,25.927231,443.866019,286.945700,0.010132,0.084325,,352,41
9,3,ind,1,-0.873146,81.998962,699.493447,58.913400,0.020040,0.119596,,352,41
9,3,base,1,3.933952,8.883959,111.304372,4.457375,0.004733,0.053146,,190,41
9,3,APMM,2,-10.935704,22.456482,513.950375,228.205666,0.011581,0.090443,,350,41
9,3,ind,2,-7.016459,100.833033,942.093361,79.602346,0.035088,0.159117,,350,41
9,3,base,2,3.816985,7.659672,144.067103,3.617102,0.006311,0.065619,,190,41
9,3,APMM,3,2.703286,36.909612,722.876290,564.397387,0.014465,0.100623,,370,41
9,3,ind,3,86.514988,188.672305,1419.429996,169.756254,0.062181,0.211562,,370,41
9,3,base,3,11.809909,13.673156,208.814010,11.456841,0.009988,0.081879,,195,41
9,3,APMM,4,46.673024,31.201014,748.166574,1093.501775,0.015004,0.097271,,374,41
9,3,ind,4,247.530557,158.714412,1594.084515,263.810388,0.069111,0.203723,,374,41
9,3,base,4,31.519308,16.707833,264.454565,28.675832,0.010682,0.078015,,197,41
9,3,APMM,5,-0.865306,31.400480,740.309233,636.755534,0.010723,0.085603,,394,41
9,3,ind,5,83.083066,180.859703,1484.616760,196.008121,0.046446,0.179000,,394,41
9,3,base,5,13.749688,13.635369,237.173227,16.047109,0.008605,0.076521,,203,41
9,3,APMM,6,-11.143218,32.436171,609.270657,335.502296,0.014088,0.101078,,348,41
9,3,ind,6,-8.634918,153.803219,1003.275421,120.571176,0.039851,0.165558,,348,41
9,3,base,6,4.709871,9.678517,178.817804,4.979110,0.009089,0.078069,,190,41
9,3,APMM,7,-3.391673,30.453088,676.626196,513.774856,0.011444,0.087290,,368,41
9,3,ind,7,48.826895,165.779494,1311.180068,164.636124,0.051025,0.181567,,368,41
9,3,base,7,10.815788,11.945513,194.045842,11.698590,0.007620,0.069757,,195,41
9,3,APMM,8,-14.549568,33.548390,543.954066,291.708864,0.013340,0.097271,,354,41
9,3,ind,8,-60.936468,88.883411,916.597177,91.251791,0.033272,0.155068,,354,41
9,3,base,8,4.310443,7.515452,157.415916,3.572448,0.008318,0.073549,,191,41
9,3,APMM,9,12.991295,45.688153,750.690254,998.014894,0.015017,0.098384,,354,41
9,3,ind,9,188.598721,175.038638,1452.083071,232.432247,0.057759,0.197973,,354,41
9,3,base,9,22.690804,15.461131,245.146349,22.659492,0.011103,0.084590,,190,41
9,3,APMM,10,-15.111454,27.123708,560.570208,344.920172,0.013545,0.101434,,338,41
9,3,ind,10,6.771856,113.556588,876.681695,83.111696,0.034653,0.161261,,338,41
9,3,base,10,5.689716,10.426013,162.355732,5.929913,0.008116,0.074897,,188,41
9,3,APMM,11,-18.877134,29.107193,495.648308,183.331760,0.010302,0.084988,,368,41
9,3,ind,11,-31.084398,92.791573,803.870535,58.600045,0.024480,0.129126,,368,41
9,3,base,11,2.213205,6.953734,122.029112,2.571815,0.005127,0.057729,,196,41
9,3,APMM,12,-18.582497,27.596111,523.488719,338.367574,0.011850,0.092653,,356,41
9,3,ind,12,-26.997048,111.609260,893.412719,84.767445,0.028079,0.140516,,356,41
9,3,base,12,1.997757,9.461444,138.443957,4.558989,0.005994,0.064042,,193,41
9,3,APMM,13,-2.463195,24.711948,577.659797,190.237454,0.016057,0.108437,,312,41
9,3,ind,13,-23.247773,105.521496,1031.988863,79.100066,0.049117,0.187960,,312,41
9,3,base,13,3.340546,7.816403,199.763256,3.259015,0.011171,0.090309,,178,41
9,3,APMM,14,-18.202898,31.992412,580.416454,263.296505,0.014048,0.104095,,336,41
9,3,ind,14,-37.288567,104.011916,950.912451,99.727461,0.038670,0.168371,,336,41
9,3,base,14,3.563151,7.667300,166.376571,3.423887,0.008346,0.079512,,187,41
9,3,APMM,15,-14.777021,26.627328,531.765399,239.603771,0.012863,0.096133,,340,41
9,3,ind,15,-57.427371,93.723791,878.777482,81.898123,0.035516,0.158104,,340,41
9,3,base,15,0.636411,7.344584,154.060131,2.875161,0.007189,0.070512,,191,41
9,3,APMM,16,-6.208656,21.869704,555.384688,229.060358,0.012607,0.098009,,362,41
9,3,ind,16,-24.607981,109.083190,1018.204474,84.713699,0.040484,0.172009,,362,41
9,3,base,16,2.492888,7.739042,159.515552,3.176231,0.007906,0.074431,,193,41
9,3,APMM,17,-63.817133,47.625318,720.444573,527.370901,0.020143,0.116936,,348,41
9,3,ind,17,-119.023958,89.100711,1153.248893,102.456265,0.054488,0.189718,,348,41
9,3,base,17,1.014626,4.966440,150.806135,1.314925,0.007374,0.074039,,190,41
9,3,APMM,18,-6.955352,27.462241,495.268347,281.339098,0.011255,0.090767,,346,41
9,3,ind,18,-6.066188,83.373796,856.148831,60.773947,0.031281,0.149432,,346,41
9,3,base,18,4.368020,9.118438,142.615789,4.654771,0.006658,0.068853,,189,41
9,3,APMM,19,-24.994555,36.282802,518.335673,323.673373,0.012918,0.096657,,334,41
9,3,ind,19,-29.733074,86.287441,830.520561,79.634946,0.032141,0.151074,,334,41
9,3,base,19,5.761487,8.013591,139.410099,3.843656,0.006593,0.068780,,185,41
9,3,APMM,20,-8.663642,28.049330,586.650603,397.669957,0.012390,0.093198,,372,41
9,3,ind,20,22.825932,111.474455,974.361514,102.258711,0.031868,0.149641,,372,41
9,3,base,20,6.532515,10.682429,173.093233,7.641074,0.007523,0.072486,,197,41
9,3,APMM,21,-4.296119,33.585154,651.473242,546.428087,0.010289,0.081354,,420,41
9,3,ind,21,87.833130,134.986773,1165.678214,136.656833,0.035095,0.157035,,420,41
9,3,base,21,12.130891,12.430912,162.458941,11.862874,0.005608,0.058430,,210,41
9,3,APMM,22,-13.240642,25.502772,496.346569,253.471154,0.011406,0.091669,,340,41
9,3,ind,22,-17.095402,115.937000,902.329949,90.734273,0.037465,0.163712,,340,41
9,3,base,22,3.660153,7.741639,148.111375,3.487850,0.007715,0.071574,,186,41
9,3,APMM,23,-14.835190,31.031828,613.819682,375.667527,0.012014,0.096424,,380,41
9,3,ind,23,7.713592,109.762699,1043.740370,93.121190,0.033799,0.163206,,380,41
9,3,base,23,7.169852,9.945954,156.487134,6.152762,0.007173,0.069952,,198,41
9,3,APMM,24,7.259794,37.006622,625.666862,868.712911,0.012717,0.093198,,364,41
9,3,ind,24,163.252725,156.351316,1180.702642,176.743926,0.045914,0.172928,,364,41
9,3,base,24,20.226529,15.832372,190.460021,20.166436,0.008109,0.068735,,194,41
9,3,APMM,25,-9.008222,24.026810,487.791281,243.606939,0.011101,0.086526,,360,41
9,3,ind,25,-10.632062,96.255383,826.629974,77.017785,0.035466,0.151837,,360,41
9,3,base,25,4.670969,9.369162,128.283209,4.716773,0.005897,0.058342,,194,41
9,3,APMM,26,9.650374,39.157775,826.451636,416.492482,0.023077,0.118281,,360,41
9,3,ind,26,-92.111178,110.712731,1359.162702,131.329803,0.078585,0.221845,,360,41
9,3,base,26,3.992647,8.622753,232.056801,4.461269,0.013411,0.089470,,198,41
9,3,APMM,27,-1.079908,23.046610,555.972879,269.375704,0.011458,0.094709,,354,41
9,3,ind,27,29.275275,97.007078,1036.082178,68.895698,0.041782,0.171271,,354,41
9,3,base,27,5.905356,9.523835,153.400154,5.812644,0.006898,0.068927,,191,41
9,3,APMM,28,-8.340246,32.432191,683.450351,416.864666,0.017303,0.118522,,328,41
9,3,ind,28,-9.432483,120.334420,1135.732456,100.572074,0.048439,0.195029,,328,41
9,3,base,28,5.209043,10.781759,189.573956,6.424883,0.010462,0.091512,,183,41
9,3,APMM,29,-8.430352,25.980828,504.240395,454.457776,0.010840,0.087586,,322,41
9,3,ind,29,36.622541,150.221896,937.065964,136.581952,0.043483,0.162588,,322,41
9,3,base,29,7.987306,12.739232,162.782964,10.075374,0.007442,0.071730,,180,41
9,3,APMM,30,-23.034372,40.039673,670.950028,330.940287,0.015705,0.113214,,372,41
9,3,ind,30,-5.388092,117.397332,1064.248991,83.203471,0.037552,0.170313,,372,41
9,3,base,30,5.104471,7.392294,171.785288,3.126140,0.008591,0.082252,,197,41
9,3,APMM,31,-13.035369,29.979310,517.772733,354.809444,0.012697,0.094912,,368,41
9,3,ind,31,-18.126698,82.334425,828.993543,60.430532,0.027082,0.138232,,368,41
9,3,base,31,4.442779,9.217146,152.134665,5.520612,0.007792,0.069583,,194,41
9,3,APMM,32,-9.011816,45.239724,609.865739,562.986143,0.014534,0.101818,,342,41
9,3,ind,32,-68.447904,101.983861,1056.386501,110.121189,0.045644,0.178840,,342,41
9,3,base,32,7.134976,10.165735,189.156266,6.092201,0.011023,0.085425,,188,41
9,3,APMM,33,0.747726,29.762958,606.756658,244.554770,0.012986,0.098459,,400,41
9,3,ind,33,-2.181659,103.206443,1054.543138,76.487085,0.036261,0.160295,,400,41
9,3,base,33,4.753143,8.733857,154.733062,4.347974,0.006013,0.067879,,206,41
9,3,APMM,34,-3.809797,37.228154,620.903593,476.301790,0.014805,0.103248,,362,41
9,3,ind,34,20.733008,156.566571,1243.701439,128.695937,0.052288,0.189131,,362,41
9,3,base,34,7.630904,12.377022,185.256771,8.859574,0.009666,0.079060,,193,41
9,3,APMM,35,-2.722077,46.921671,605.846993,649.474761,0.014672,0.098890,,366,41
9,3,ind,35,40.548946,155.411841,1178.873086,134.994953,0.051834,0.192699,,366,41
9,3,base,35,13.711763,13.372506,172.713128,12.030608,0.008664,0.075056,,195,41
9,3,APMM,36,16.935759,27.602277,708.321405,764.645249,0.012170,0.088731,,366,41
9,3,ind,36,175.633186,161.368736,1333.178698,189.232652,0.050710,0.178096,,366,41
9,3,base,36,19.860596,15.194944,215.040222,18.921391,0.007802,0.070960,,195,41
9,3,APMM,37,-11.029066,27.804291,573.690839,185.664424,0.014303,0.104746,,374,41
9,3,ind,37,-29.487384,79.392970,963.440922,56.031354,0.032985,0.157534,,374,41
9,3,base,37,1.610324,6.481620,157.586545,2.100142,0.008305,0.074964,,195,41
9,3,APMM,38,-18.940803,32.525029,597.134554,434.626606,0.010977,0.087804,,384,41
9,3,ind,38,17.770583,144.335802,1155.651882,133.193538,0.039662,0.164683,,384,41
9,3,base,38,7.960170,11.486578,172.008097,8.573608,0.007447,0.070835,,198,41
9,3,APMM,39,4.869152,54.999922,567.834969,896.812085,0.013327,0.093216,,380,41
9,3,ind,39,76.599150,140.491774,882.512485,117.536629,0.030365,0.140014,,380,41
9,3,base,39,17.613672,16.154761,157.707466,17.177610,0.005785,0.060658,,200,41
10,4,APMM,0,5.754812,33.676054,1016.886720,2223.628262,0.009783,0.082362,,648,59
10,4,ind,0,106.223567,267.790255,2338.199028,265.039963,0.048276,0.183978,,648,59
10,4,base,0,11.660832,13.979562,193.986767,12.258901,0.006258,0.063471,,254,59
10,4,APMM,1,-28.054073,34.071242,830.530314,1078.764873,0.009142,0.077157,,652,59
10,4,ind,1,-125.125423,186.572858,1696.143532,169.308829,0.034322,0.151051,,652,59
10,4,base,1,0.787589,8.018855,147.720211,3.374569,0.004680,0.052756,,257,59
10,4,APMM,2,-13.627558,35.268234,1136.915337,1413.436016,0.010560,0.085367,,672,59
10,4,ind,2,-171.664999,272.063695,2611.391378,238.201903,0.052521,0.184954,,672,59
10,4,base,2,3.257409,8.366138,166.689551,3.620880,0.004986,0.057392,,262,59
10,4,APMM,3,24.007495,57.151319,1067.024365,4103.874811,0.009412,0.078589,,712,59
10,4,ind,3,431.433737,444.720862,2440.527176,402.721897,0.048990,0.179503,,712,59
10,4,base,3,24.093960,15.824361,185.449442,19.662786,0.004582,0.053874,,270,59
10,4,APMM,4,-20.901992,39.536481,1100.556601,1972.403878,0.011208,0.082553,,704,59
10,4,ind,4,-141.257662,245.431679,2385.092145,290.440878,0.051915,0.181717,,704,59
10,4,base,4,4.975450,8.094559,185.377047,5.112843,0.006428,0.060567,,264,59
10,4,APMM,5,-15.500863,38.553342,979.141503,1506.719598,0.008482,0.073332,,736,59
10,4,ind,5,-38.222185,225.358680,2240.372850,188.504815,0.040933,0.173499,,736,59
10,4,base,5,6.349362,9.853391,173.844759,5.790199,0.005405,0.056598,,273,59
10,4,APMM,6,4.484813,40.651883,1126.131374,2791.095873,0.008278,0.062014,,634,59
10,4,ind,6,173.051257,495.083491,2699.985092,540.375985,0.077856,0.201298,,634,59
10,4,base,6,14.960626,17.352933,241.293033,18.017436,0.005961,0.055912,,253,59
10,4,APMM,7,20.065441,46.460815,1382.750547,3078.021403,0.012594,0.082970,,686,59
10,4,ind,7,121.119933,438.170513,3089.407571,491.560174,0.081105,0.231526,,686,59
10,4,base,7,14.189769,14.900380,235.172239,14.815544,0.007057,0.067203,,260,59
10,4,APMM,8,-14.980273,31.280380,709.760125,1276.010875,0.008169,0.073256,,582,59
10,4,ind,8,12.397590,204.290918,1551.211395,150.017392,0.031571,0.152179,,582,59
10,4,base,8,4.778764,10.094612,144.723632,5.693266,0.004402,0.053496,,243,59
10,4,APMM,9,-6.683163,42.321293,943.432927,3103.558068,0.009432,0.076744,,608,59
10,4,ind,9,250.577344,350.581761,2099.887450,336.933984,0.053223,0.191812,,608,59
10,4,base,9,14.601080,16.432389,207.424500,16.778088,0.007051,0.064781,,249,59
10,4,APMM,10,-22.613451,40.392745,1078.357600,1946.243251,0.010076,0.080539,,630,59
10,4,ind,10,-18.102188,362.449161,2472.014196,332.863065,0.059464,0.202435,,630,59
10,4,base,10,7.262245,11.474333,176.455113,7.516603,0.005060,0.057252,,256,59
10,4,APMM,11,1.762000,32.352209,947.220790,2051.823650,0.009729,0.081971,,634,59
10,4,ind,11,-44.671544,217.874040,2112.907487,233.950079,0.048345,0.179143,,634,59
10,4,base,11,7.206828,11.253505,171.045460,7.746727,0.005303,0.059188,,251,59
10,4,APMM,12,28.027774,41.168836,767.019397,3434.181812,0.009346,0.076301,,584,59
10,4,ind,12,258.440987,239.523310,1699.396078,250.537623,0.045454,0.168648,,584,59
10,4,base,12,23.415132,16.197090,173.824861,19.975552,0.004793,0.053094,,250,59
10,4,APMM,13,6.428573,49.064641,1151.026141,2488.523688,0.013483,0.091998,,594,59
10,4,ind,13,72.083133,473.240393,2687.983724,412.363437,0.073147,0.211114,,594,59
10,4,base,13,12.268384,15.135330,211.515543,13.541658,0.007907,0.070086,,247,59
10,4,APMM,14,-13.255761,35.675686,898.021890,1522.113230,0.011972,0.089744,,594,59
10,4,ind,14,13.294038,226.425574,1909.108324,212.247529,0.048727,0.177025,,594,59
10,4,base,14,6.385756,10.997778,164.889416,7.075351,0.005278,0.059452,,246,59
10,4,APMM,15,-4.788936,36.209956,764.445571,1730.791070,0.007950,0.071327,,658,59
10,4,ind,15,58.530946,240.030376,1762.520698,168.566106,0.034026,0.149562,,658,59
10,4,base,15,8.703182,11.085695,138.280640,7.182432,0.003926,0.047777,,259,59
10,4,APMM,16,1.041968,26.763705,837.813028,1888.670048,0.006891,0.062942,,730,59
10,4,ind,16,198.172781,292.838741,2283.033419,245.827706,0.042328,0.170543,,730,59
10,4,base,16,12.197783,13.386601,171.162105,11.661461,0.005200,0.052490,,271,59
10,4,APMM,17,-5.496417,38.754408,1318.342807,2001.603015,0.011455,0.091208,,694,59
10,4,ind,17,99.232917,346.206364,3060.525451,326.990616,0.066538,0.213247,,694,59
10,4,base,17,9.919991,10.814394,203.616256,8.851985,0.006424,0.066017,,263,59
10,4,APMM,18,-7.310208,35.611486,752.641316,1928.301845,0.008550,0.074828,,606,59
10,4,ind,18,6.667557,221.499894,1669.380504,173.796604,0.033063,0.151211,,606,59
10,4,base,18,8.210662,12.394605,148.862430,8.596955,0.004354,0.052974,,248,59
10,4,APMM,19,-32.743950,38.210341,802.696713,1648.547986,0.009221,0.079345,,582,59
10,4,ind,19,-30.900864,220.692011,1776.345926,216.744824,0.042208,0.165813,,582,59
10,4,base,19,5.629046,9.949773,139.673846,6.363746,0.004291,0.051569,,245,59
10,4,APMM,20,-13.672027,30.779091,846.504737,982.346734,0.008150,0.073401,,704,59
10,4,ind,20,-58.916194,155.250057,1935.612155,128.475045,0.029984,0.144374,,704,59
10,4,base,20,4.302358,8.086969,136.144879,3.754094,0.003872,0.047311,,267,59
10,4,APMM,21,-10.959586,25.673335,863.565721,1052.960282,0.006802,0.063434,,808,59
10,4,ind,21,-12.171421,214.863328,1901.098890,163.742900,0.030394,0.138013,,808,59
10,4,base,21,3.242243,8.965864,137.398318,4.558680,0.003296,0.042599,,290,59
10,4,APMM,22,-2.553435,30.855401,973.455684,2009.610325,0.012175,0.088383,,576,59
10,4,ind,22,13.668738,270.905553,2307.822135,281.060904,0.065697,0.220186,,576,59
10,4,base,22,6.885571,13.613286,213.930331,10.612746,0.008651,0.074427,,237,59
10,4,APMM,23,-9.677749,39.459910,1217.553161,1793.570467,0.012594,0.088880,,652,59
10,4,ind,23,-112.811829,324.841245,2693.541649,324.996323,0.059468,0.204167,,652,59
10,4,base,23,5.735815,9.759829,212.149105,5.856900,0.007452,0.070971,,259,59
10,4,APMM,24,1.748739,29.910178,968.436106,1649.112166,0.008813,0.076596,,656,59
10,4,ind,24,128.783572,250.612342,2517.458230,236.063088,0.053720,0.200014,,656,59
10,4,base,24,10.867797,10.968471,195.050095,9.190646,0.006862,0.064238,,251,59
10,4,APMM,25,-13.798994,28.823753,739.933329,998.625657,0.006837,0.067196,,676,59
10,4,ind,25,-16.537584,158.205660,1793.063079,103.550891,0.031693,0.154161,,676,59
10,4,base,25,4.589400,8.695454,136.702901,4.577294,0.004216,0.048528,,258,59
10,4,APMM,26,20.846763,69.628261,999.443261,2802.702036,0.011744,0.088656,,650,59
10,4,ind,26,181.772389,259.532841,2118.205571,224.500788,0.050365,0.184239,,650,59
10,4,base,26,19.565632,13.045927,173.450291,13.113422,0.004832,0.056196,,263,59
10,4,APMM,27,1.022852,51.406531,1129.347259,3898.890694,0.010608,0.078941,,654,59
10,4,ind,27,228.538694,387.831371,2641.083994,431.562808,0.066021,0.211162,,654,59
10,4,base,27,20.236625,16.443488,225.542782,20.414124,0.007555,0.065226,,254,59
10,4,APMM,28,-17.065956,33.505333,944.687410,1037.913786,0.012079,0.097608,,582,59
10,4,ind,28,-120.180451,175.148636,2155.937176,153.170160,0.051014,0.202106,,582,59
10,4,base,28,0.963208,6.657606,199.016230,2.224589,0.008021,0.077600,,243,59
10,4,APMM,29,-6.961700,32.719455,839.503459,1255.339610,0.007772,0.068142,,646,59
10,4,ind,29,-73.844334,272.864175,2138.175326,229.387329,0.053685,0.182302,,646,59
10,4,base,29,2.069198,10.036807,160.290495,5.237618,0.004914,0.054265,,254,59
10,4,APMM,30,-8.708984,45.530435,1028.234722,1899.854937,0.008004,0.073425,,730,59
10,4,ind,30,109.208139,281.594293,2391.068499,229.016398,0.042183,0.173302,,730,59
10,4,base,30,9.797309,11.685661,183.148198,8.819589,0.005327,0.057944,,273,59
10,4,APMM,31,4.818020,38.400603,923.467250,2418.275312,0.008944,0.077364,,654,59
10,4,ind,31,192.476171,309.832099,1990.948408,236.477595,0.042258,0.169381,,654,59
10,4,base,31,13.988669,14.683033,162.566005,13.369569,0.003821,0.052232,,256,59
10,4,APMM,32,-18.305278,33.459003,930.799761,1639.733749,0.007943,0.074375,,638,59
10,4,ind,32,28.305842,256.995201,2189.683308,204.210771,0.043683,0.175185,,638,59
10,4,base,32,6.729373,11.062430,160.884882,6.586482,0.004749,0.056236,,250,59
10,4,APMM,33,-24.904037,31.294319,817.299496,979.557340,0.006825,0.068685,,726,59
10,4,ind,33,-64.613871,192.180505,1555.358085,124.585159,0.024396,0.129378,,726,59
10,4,base,33,1.368553,6.011247,106.021357,1.871156,0.002089,0.036570,,275,59
10,4,APMM,34,20.850633,47.287992,1386.315334,4398.034011,0.009201,0.065482,,694,59
10,4,ind,34,546.393364,563.278490,3973.871175,849.983336,0.098919,0.221695,,694,59
10,4,base,34,28.507029,19.013173,277.375582,31.518757,0.006804,0.056658,,265,59
10,4,APMM,35,-5.256858,34.929066,986.445747,1884.431077,0.009206,0.076509,,698,59
10,4,ind,35,134.278566,330.524295,2257.298048,261.308747,0.042170,0.167583,,698,59
10,4,base,35,9.414877,11.836098,177.431020,8.427739,0.005502,0.056628,,265,59
10,4,APMM,36,7.840678,32.683500,911.500365,2501.638588,0.010165,0.079981,,582,59
10,4,ind,36,258.729803,204.003407,2061.605712,249.050160,0.048782,0.178712,,582,59
10,4,base,36,18.022482,12.775896,197.276214,15.462522,0.006663,0.060751,,244,59
10,4,APMM,37,-5.177065,41.628164,1090.565335,2129.388853,0.010905,0.079580,,666,59
10,4,ind,37,-77.273703,227.266768,2395.214215,300.843902,0.057998,0.189617,,666,59
10,4,base,37,9.983986,11.778177,202.022660,11.200830,0.006327,0.061000,,259,59
10,4,APMM,38,-12.046432,34.778992,958.048115,1166.674658,0.009676,0.081923,,646,59
10,4,ind,38,-216.843339,256.639184,2269.985824,259.856787,0.049254,0.186571,,646,59
10,4,base,38,0.776425,4.488840,190.539107,1.023987,0.006689,0.067020,,252,59
10,4,APMM,39,1.614410,37.991442,720.348559,2396.410397,0.007641,0.061406,,662,59
10,4,ind,39,168.668777,266.765365,1617.484389,249.555155,0.038079,0.134572,,662,59
10,4,base,39,13.427183,14.699273,144.061261,13.866838,0.003657,0.040437,,264,59
11,4,APMM,0,3.394723,42.772943,1259.400250,3192.103426,0.012290,0.090292,,676,65
11,4,ind,0,66.888755,375.563120,2766.409198,367.385722,0.066112,0.215657,,676,65
11,4,base,0,10.503312,14.467854,257.946513,11.422496,0.009130,0.071433,,277,65
11,4,APMM,1,-15.456509,39.152673,1126.297965,2317.399315,0.011155,0.092663,,644,65
11,4,ind,1,-81.454102,359.279469,2694.212581,314.147559,0.059631,0.209460,,644,65
11,4,base,1,5.843224,11.353615,189.662162,7.069373,0.005594,0.062203,,269,65
11,4,APMM,2,-17.416435,34.847296,960.134437,1921.707117,0.008623,0.075419,,718,65
11,4,ind,2,39.939645,277.473634,2179.160136,208.558088,0.036753,0.159210,,718,65
11,4,base,2,6.266592,11.483036,171.024510,6.700392,0.004997,0.054152,,284,65
11,4,APMM,3,-22.257616,41.293687,1011.163459,2490.217620,0.011350,0.087099,,630,65
11,4,ind,3,-15.155522,255.299696,2174.934510,227.057945,0.049595,0.185637,,630,65
11,4,base,3,8.974428,10.740434,204.710208,7.966663,0.006686,0.064543,,271,65
11,4,APMM,4,-20.039888,33.191947,981.241511,1711.549876,0.009409,0.079138,,734,65
11,4,ind,4,-109.253700,191.896172,2144.113269,193.359918,0.040492,0.163841,,734,65
11,4,base,4,3.858464,8.504726,176.728419,4.015533,0.005313,0.055876,,288,65
11,4,APMM,5,2.887521,47.616601,1028.358941,4383.105840,0.011220,0.084084,,604,65
11,4,ind,5,82.949526,286.184282,2357.552128,347.793856,0.065837,0.199185,,604,65
11,4,base,5,16.401469,15.375839,217.859971,16.314014,0.007228,0.064985,,262,65
11,4,APMM,6,-11.375547,38.364252,799.663016,2789.184393,0.007347,0.064831,,734,65
11,4,ind,6,99.156973,271.378376,1719.509918,206.649393,0.029657,0.136717,,734,65
11,4,base,6,10.362755,13.345406,166.266966,10.520966,0.003868,0.047240,,292,65
11,4,APMM,7,-8.336805,24.587982,821.546731,1318.575932,0.008466,0.070495,,696,65
11,4,ind,7,-32.781941,200.854903,2031.562358,180.529731,0.039563,0.168483,,696,65
11,4,base,7,4.077772,8.740677,187.587262,4.873202,0.006996,0.059866,,277,65
11,4,APMM,8,-3.732030,26.548122,887.649224,2318.921639,0.007980,0.068146,,706,65
11,4,ind,8,0.234167,361.527672,2065.205501,325.041967,0.046429,0.170321,,706,65
11,4,base,8,4.174319,14.074478,183.300102,9.614122,0.004487,0.051989,,282,65
11,4,APMM,9,-7.330465,30.822416,834.157545,1817.853705,0.009490,0.079402,,608,65
11,4,ind,9,-9.038568,197.270232,2097.581079,174.259350,0.052187,0.187225,,608,65
11,4,base,9,7.033604,10.684732,193.207855,6.258014,0.006898,0.065856,,258,65
11,4,APMM,10,-10.008433,37.045330,1157.485266,2787.857260,0.007528,0.068312,,698,65
11,4,ind,10,218.248203,401.220307,2858.662848,388.339157,0.056675,0.189390,,698,65
11,4,base,10,12.392660,13.707363,187.679971,12.597860,0.004558,0.052498,,278,65
11,4,APMM,11,-3.952409,25.515955,838.412747,1906.762221,0.008143,0.072583,,670,65
11,4,ind,11,58.588862,328.443662,1910.876621,263.846826,0.040588,0.159191,,670,65
11,4,base,11,6.224028,11.957631,161.102661,8.022009,0.003674,0.047682,,280,65
11,4,APMM,12,-18.697998,31.172986,930.454120,936.657867,0.010228,0.083108,,672,65
11,4,ind,12,-94.707642,216.109535,1958.103074,180.706036,0.043404,0.169971,,672,65
11,4,base,12,1.797949,5.744264,186.463008,1.720586,0.005760,0.061061,,277,65
11,4,APMM,13,-22.427943,39.645801,1013.841931,3184.079603,0.008859,0.075189,,724,65
11,4,ind,13,56.217254,243.979042,2347.117570,243.245096,0.038838,0.162158,,724,65
11,4,base,13,10.823594,11.068127,173.923895,9.421709,0.004542,0.051936,,284,65
11,4,APMM,14,-13.569688,33.503791,945.215228,2256.026332,0.006814,0.065866,,740,65
11,4,ind,14,118.833165,322.525522,2390.735924,257.951549,0.037583,0.161091,,740,65
11,4,base,14,9.128292,12.077820,161.268722,8.691722,0.004072,0.048358,,282,65
11,4,APMM,15,-29.275942,39.132976,947.478922,2504.054575,0.009034,0.073249,,762,65
11,4,ind,15,4.426591,267.023371,2261.781263,254.019004,0.039675,0.158712,,762,65
11,4,base,15,7.073311,10.839453,159.131043,7.459080,0.003803,0.046525,,297,65
11,4,APMM,16,21.245937,48.982459,1124.369792,5423.557285,0.009898,0.077988,,646,65
11,4,ind,16,570.769051,445.869972,2914.912285,582.371679,0.073870,0.221165,,646,65
11,4,base,16,27.469481,17.807901,269.230247,26.543054,0.006906,0.068226,,271,65
11,4,APMM,17,0.533914,51.192929,1626.030672,4495.787136,0.022457,0.115206,,690,65
11,4,ind,17,-216.244170,367.611744,3425.499383,502.050391,0.086576,0.246881,,690,65
11,4,base,17,6.899698,10.624661,323.072666,7.128120,0.016282,0.097636,,278,65
11,4,APMM,18,-1.017589,38.277901,979.589263,3382.022677,0.007843,0.068942,,718,65
11,4,ind,18,241.149505,349.938878,2314.393718,364.522134,0.039301,0.158563,,718,65
11,4,base,18,14.708890,14.423937,185.437563,14.683519,0.004405,0.051008,,283,65
11,4,APMM,19,11.507765,42.474775,843.610636,3922.903743,0.008447,0.072069,,688,65
11,4,ind,19,154.649446,224.038388,2083.662511,212.019225,0.039150,0.168484,,688,65
11,4,base,19,18.199269,14.383487,190.480850,15.730940,0.005733,0.056456,,278,65
11,4,APMM,20,16.344612,45.655837,1054.540861,4918.571597,0.008118,0.069563,,680,65
11,4,ind,20,520.861484,411.809801,2601.348413,478.677092,0.058109,0.196638,,680,65
11,4,base,20,25.030596,16.730394,230.528325,22.719672,0.005610,0.059127,,271,65
11,4,APMM,21,-10.766840,28.985882,904.299195,1900.545575,0.008079,0.073023,,684,65
11,4,ind,21,77.927171,322.572866,2324.556196,255.076075,0.040218,0.171004,,684,65
11,4,base,21,6.552597,10.270636,177.988171,6.427780,0.004679,0.055405,,278,65
11,4,APMM,22,-19.562743,50.374720,1428.430418,3112.985554,0.016372,0.101148,,674,65
11,4,ind,22,-116.922609,355.616383,2788.629717,363.862810,0.072946,0.221915,,674,65
11,4,base,22,4.771939,13.784969,269.800310,9.638629,0.011520,0.081876,,278,65
11,4,APMM,23,-39.861355,41.269413,964.638844,1685.100851,0.008991,0.072507,,746,65
11,4,ind,23,-33.421961,239.945060,2162.201790,189.524506,0.036149,0.155732,,746,65
11,4,base,23,3.794425,10.072643,152.506873,5.790273,0.004139,0.047593,,292,65
11,4,APMM,24,4.595564,71.942955,1548.988966,6226.670633,0.015340,0.112646,,720,65
11,4,ind,24,26.755130,420.746552,3223.268934,394.018530,0.063128,0.231565,,720,65
11,4,base,24,19.372931,15.300662,279.633355,15.761998,0.009830,0.086126,,282,65
11,4,APMM,25,-24.281079,34.733254,816.708187,1761.879262,0.007532,0.069960,,638,65
11,4,ind,25,-11.197706,271.626225,2057.024811,216.648889,0.045942,0.171135,,638,65
11,4,base,25,5.177123,10.297439,171.910510,5.773767,0.004925,0.057165,,265,65
11,4,APMM,26,0.644905,40.488206,1447.051227,4491.263953,0.007331,0.059124,,772,65
11,4,ind,26,399.967962,598.826238,3314.228172,743.582982,0.075547,0.210723,,772,65
11,4,base,26,21.351344,18.195142,247.604324,22.996649,0.004718,0.050029,,294,65
11,4,APMM,27,-16.559250,42.634407,1075.024094,3204.001803,0.009724,0.080069,,678,65
11,4,ind,27,81.826951,420.575782,2675.120898,392.903358,0.059456,0.200499,,678,65
11,4,base,27,10.160504,13.841983,219.074835,11.029663,0.006721,0.066015,,280,65
11,4,APMM,28,-14.866612,31.577483,1058.798106,1610.423377,0.008686,0.078815,,690,65
11,4,ind,28,63.549924,283.683630,2262.553316,208.483386,0.042373,0.168787,,690,65
11,4,base,28,5.257093,10.399844,200.361558,5.909780,0.005894,0.062033,,282,65
11,4,APMM,29,-6.105683,37.279524,1086.898901,3135.279932,0.008879,0.074624,,710,65
11,4,ind,29,243.563601,368.502508,2757.594347,379.735155,0.060053,0.205639,,710,65
11,4,base,29,14.222691,12.951749,224.639617,11.955848,0.006548,0.064586,,280,65
11,4,APMM,30,-11.377324,44.970334,989.709901,2939.612410,0.010216,0.079549,,652,65
11,4,ind,30,95.122678,273.889898,2202.040608,248.022443,0.043890,0.167759,,652,65
11,4,base,30,12.903711,13.745152,197.824387,12.853023,0.005807,0.060283,,268,65
11,4,APMM,31,-6.694471,41.509632,1050.905319,2613.447261,0.012056,0.082196,,646,65
11,4,ind,31,-265.412419,239.437526,2418.487487,334.303312,0.069841,0.209574,,646,65
11,4,base,31,4.340263,9.322701,204.323914,4.758802,0.007661,0.063249,,271,65
11,4,APMM,32,-0.541771,28.868885,894.525523,1882.053906,0.009036,0.075408,,704,65
11,4,ind,32,18.048069,198.013913,2015.879556,172.267801,0.037989,0.158251,,704,65
11,4,base,32,6.946020,11.207148,172.678218,7.358923,0.004795,0.053631,,283,65
11,4,APMM,33,0.769601,37.290567,1090.368003,2139.410327,0.010160,0.086070,,712,65
11,4,ind,33,44.284915,235.783838,2265.997195,216.516249,0.041972,0.179519,,712,65
11,4,base,33,8.351221,10.455868,212.527587,6.644266,0.006078,0.066926,,282,65
11,4,APMM,34,-4.501531,35.552620,1088.088669,2934.127075,0.008565,0.072404,,760,65
11,4,ind,34,91.031746,340.559884,2713.791513,351.584983,0.045875,0.180863,,760,65
11,4,base,34,10.015530,12.424731,212.465110,10.387690,0.006007,0.059509,,289,65
11,4,APMM,35,-0.423126,38.237080,1449.731659,1968.891716,0.013402,0.099494,,760,65
11,4,ind,35,-100.492035,272.934744,3185.376256,269.802679,0.072625,0.229470,,760,65
11,4,base,35,3.705349,9.465010,226.741174,4.892730,0.006463,0.069034,,292,65
11,4,APMM,36,-32.852577,45.444225,1178.979057,2389.013441,0.009827,0.079318,,840,65
11,4,ind,36,72.164868,283.906100,2386.749177,261.252086,0.035921,0.159145,,840,65
11,4,base,36,9.558402,11.559912,171.884208,8.303614,0.004112,0.049315,,308,65
11,4,APMM,37,-11.906524,32.813879,1000.599613,2147.239648,0.009122,0.077338,,706,65
11,4,ind,37,19.409411,302.943103,2301.680749,279.671325,0.042598,0.169273,,706,65
11,4,base,37,8.141627,11.808625,206.213331,8.380559,0.006479,0.062276,,280,65
11,4,APMM,38,-13.238966,35.287871,924.624505,2118.306464,0.008808,0.074732,,734,65
11,4,ind,38,-5.741118,262.561451,2163.762031,242.787954,0.042979,0.167509,,734,65
11,4,base,38,7.266648,10.605711,176.857513,6.680540,0.004879,0.054857,,285,65
11,4,APMM,39,-12.500144,32.019006,727.036181,2092.220227,0.006031,0.055365,,798,65
11,4,ind,39,53.901034,227.188017,1666.793475,171.765104,0.022707,0.118952,,798,65
11,4,base,39,7.984291,11.346244,119.574125,8.208928,0.002613,0.034777,,300,65
12,4,APMM,0,2.387465,29.721180,985.880959,3664.118810,0.007979,0.069804,,760,70
12,4,ind,0,169.589668,378.088690,2841.730946,352.820209,0.056525,0.195324,,760,70
12,4,base,0,11.849327,13.894199,208.676858,12.799161,0.005867,0.056591,,301,70
12,4,APMM,1,-24.779528,57.951765,1161.585477,5347.492477,0.012213,0.084018,,814,70
12,4,ind,1,-7.004756,251.258752,2162.086327,265.892383,0.038741,0.153526,,814,70
12,4,base,1,11.225947,12.056133,195.445823,8.992527,0.006027,0.056122,,314,70
12,4,APMM,2,-27.159027,34.900112,1091.614802,1856.108785,0.010331,0.084663,,766,70
12,4,ind,2,-98.038063,189.178977,2485.801879,173.174711,0.048395,0.180890,,766,70
12,4,base,2,1.440625,8.324170,185.779959,3.354510,0.004694,0.056031,,309,70
12,4,APMM,3,-25.172760,46.604743,1413.076638,5931.281214,0.009791,0.076898,,840,70
12,4,ind,3,154.200482,321.655716,3118.362684,447.555958,0.055552,0.193764,,840,70
12,4,base,3,12.276817,16.739920,251.422119,17.805494,0.005846,0.060546,,321,70
12,4,APMM,4,-35.000851,49.709904,1265.383633,3003.182599,0.010315,0.082006,,832,70
12,4,ind,4,-80.933853,284.760805,2747.000595,243.562260,0.045061,0.176584,,832,70
12,4,base,4,4.386732,8.946130,185.533168,4.514188,0.004342,0.053446,,316,70
12,4,APMM,5,-23.510192,34.433811,1202.402199,1992.146571,0.008440,0.072912,,874,70
12,4,ind,5,-46.806684,322.703623,2547.992668,242.026369,0.041907,0.164784,,874,70
12,4,base,5,3.320072,8.407601,184.349267,3.795695,0.003958,0.051592,,325,70
12,4,APMM,6,-25.113209,36.270598,1084.753969,3093.277363,0.009597,0.079167,,754,70
12,4,ind,6,-70.268692,270.076296,2521.273249,262.094799,0.044722,0.178496,,754,70
12,4,base,6,5.397216,10.150261,217.231051,5.619773,0.006136,0.061674,,302,70
12,4,APMM,7,-7.247783,33.221408,1193.174210,2661.811046,0.008489,0.077763,,782,70
12,4,ind,7,122.998589,369.640701,2959.340884,288.850206,0.052357,0.202310,,782,70
12,4,base,7,8.317468,12.057197,212.899267,8.533452,0.005402,0.059720,,305,70
12,4,APMM,8,-17.701683,39.200344,1267.524239,3600.496510,0.010846,0.081661,,730,70
12,4,ind,8,-180.092246,314.389568,2593.542265,318.971066,0.049361,0.182100,,730,70
12,4,base,8,3.678194,10.913234,203.238283,6.311408,0.004820,0.057130,,297,70
12,4,APMM,9,-12.196154,39.604808,1107.825404,3920.812284,0.008164,0.065256,,710,70
12,4,ind,9,163.196609,465.341984,2769.879049,476.382178,0.062231,0.199008,,710,70
12,4,base,9,11.574736,15.265542,266.254707,14.031709,0.007249,0.062121,,295,70
12,4,APMM,10,-23.889141,43.186537,1153.360675,4566.057748,0.009979,0.083310,,706,70
12,4,ind,10,29.817245,355.860789,2463.497710,364.314472,0.050614,0.189080,,706,70
12,4,base,10,8.624333,15.060025,240.422157,12.114516,0.006745,0.066033,,297,70
12,4,APMM,11,-24.401389,34.370164,942.862022,2248.740090,0.008209,0.072673,,764,70
12,4,ind,11,-35.534357,232.467931,2076.265132,176.756299,0.034036,0.153636,,764,70
12,4,base,11,4.597693,10.285316,166.152501,5.475061,0.004039,0.049497,,306,70
12,4,APMM,12,49.430526,56.177345,1035.882489,11470.949339,0.009589,0.072953,,688,70
12,4,ind,12,634.170427,384.894964,2480.935937,508.603810,0.054141,0.180568,,688,70
12,4,base,12,41.303656,21.542202,251.089011,40.150962,0.005274,0.051412,,297,70
12,4,APMM,13,-10.508816,45.327496,1358.687161,5370.077792,0.010038,0.079558,,714,70
12,4,ind,13,286.781901,435.800801,3260.504916,493.336521,0.069673,0.220100,,714,70
12,4,base,13,17.916963,15.500122,275.518054,17.064767,0.007286,0.068905,,297,70
12,4,APMM,14,-14.582744,37.149101,985.396381,3108.867127,0.010671,0.083461,,698,70
12,4,ind,14,-33.038990,251.197484,2240.760591,243.679807,0.043221,0.164147,,698,70
12,4,base,14,6.233644,10.570056,163.623906,6.610894,0.004383,0.050767,,289,70
12,4,APMM,15,-30.790288,36.349133,968.365906,2208.562790,0.007523,0.071701,,812,70
12,4,ind,15,-70.894737,202.322477,2144.110714,182.567774,0.030376,0.149325,,812,70
12,4,base,15,3.747625,8.133519,154.621802,3.691691,0.003379,0.045861,,315,70
12,4,APMM,16,1.193292,30.726405,1058.989754,3600.801283,0.007161,0.065912,,840,70
12,4,ind,16,260.302228,335.087446,2847.702258,298.861834,0.046886,0.186244,,840,70
12,4,base,16,14.294061,12.782930,194.782554,11.785071,0.005098,0.050700,,319,70
12,4,APMM,17,59.266069,59.956299,1761.242491,13836.128398,0.009663,0.072986,,754,70
12,4,ind,17,1276.668619,523.058362,4546.830039,947.947869,0.103710,0.262163,,754,70
12,4,base,17,52.042305,21.407297,402.145079,51.274087,0.007783,0.069080,,301,70
12,4,APMM,18,-21.153686,33.520037,857.804280,2777.205474,0.007923,0.069984,,718,70
12,4,ind,18,31.026896,251.891180,2017.351499,191.473739,0.033287,0.147514,,718,70
12,4,base,18,6.041993,10.866683,152.075602,6.453709,0.003483,0.046306,,298,70
12,4,APMM,19,-17.407479,31.104254,810.888456,2414.973360,0.007666,0.070560,,690,70
12,4,ind,19,44.910949,209.096304,1892.007442,191.729105,0.033184,0.149435,,690,70
12,4,base,19,7.257830,10.898649,158.591274,7.353070,0.004203,0.048747,,290,70
12,4,APMM,20,-10.335688,29.892236,1002.062307,3114.901326,0.007473,0.066787,,830,70
12,4,ind,20,72.132672,287.737144,2466.791452,254.644908,0.041031,0.168647,,830,70
12,4,base,20,7.867910,12.861920,174.716074,9.695004,0.003768,0.044601,,321,70
12,4,APMM,21,-12.832079,39.977778,1186.711371,3185.456328,0.008090,0.074180,,920,70
12,4,ind,21,-97.980264,250.635120,2598.126966,278.191877,0.039356,0.164682,,920,70
12,4,base,21,5.570002,11.480014,206.092849,7.113916,0.004337,0.053804,,339,70
12,4,APMM,22,1.939969,32.623982,943.910190,4640.665548,0.009261,0.074728,,694,70
12,4,ind,22,187.766190,294.916511,2446.067784,294.688722,0.053097,0.184221,,694,70
12,4,base,22,16.012797,15.213935,224.575079,15.904590,0.007015,0.063676,,285,70
12,4,APMM,23,-8.530937,34.351328,1085.750177,2380.097059,0.009407,0.081352,,742,70
12,4,ind,23,-64.107553,229.916498,2489.045556,226.263620,0.047250,0.188389,,742,70
12,4,base,23,5.836255,10.391980,215.299591,6.050134,0.005994,0.063229,,304,70
12,4,APMM,24,-12.809068,36.269487,1165.927991,3411.058001,0.010443,0.081634,,734,70
12,4,ind,24,68.880406,352.896764,2809.211180,292.475172,0.053081,0.189750,,734,70
12,4,base,24,8.616746,12.655155,242.976511,9.310820,0.008073,0.069984,,289,70
12,4,APMM,25,18.341743,36.125665,1120.678864,6003.902488,0.007078,0.058962,,820,70
12,4,ind,25,436.472748,366.876598,2711.375081,462.256727,0.053879,0.188580,,820,70
12,4,base,25,24.912327,16.695639,222.086115,21.705798,0.004976,0.051339,,312,70
12,4,APMM,26,2.652055,55.194194,1148.237217,5274.244047,0.009569,0.079413,,760,70
12,4,ind,26,267.342701,296.452524,2662.944873,333.845155,0.046803,0.176870,,760,70
12,4,base,26,19.452292,13.332706,193.661550,15.934195,0.004133,0.049066,,310,70
12,4,APMM,27,-7.760819,29.047041,978.856062,2673.759527,0.007056,0.064755,,812,70
12,4,ind,27,152.535064,343.998998,2588.883961,291.721514,0.040739,0.164871,,812,70
12,4,base,27,9.363636,12.622842,180.345057,9.188985,0.004602,0.047547,,311,70
12,4,APMM,28,18.902544,45.908818,1257.371871,6317.736447,0.011479,0.086910,,696,70
12,4,ind,28,262.490136,317.663114,2854.196667,446.901851,0.070531,0.222407,,696,70
12,4,base,28,25.577455,14.131949,306.567396,21.257709,0.009905,0.081483,,288,70
12,4,APMM,29,-3.881614,36.771012,1090.844426,3384.588140,0.009666,0.073409,,782,70
12,4,ind,29,30.700530,282.657683,2596.474457,277.165884,0.046780,0.173650,,782,70
12,4,base,29,9.092617,12.444010,195.524440,9.012687,0.005037,0.053452,,307,70
12,4,APMM,30,-33.863386,40.249432,1171.467861,2221.252717,0.009197,0.076901,,822,70
12,4,ind,30,-88.789823,290.844372,2611.095447,238.728278,0.040210,0.170882,,822,70
12,4,base,30,3.252632,7.740302,194.597831,3.180501,0.005131,0.056572,,316,70
12,4,APMM,31,-10.970518,33.973814,994.409752,4024.243410,0.008084,0.070990,,774,70
12,4,ind,31,239.504209,383.741841,2302.101812,351.284551,0.045388,0.168856,,774,70
12,4,base,31,13.157349,14.681147,187.318512,12.884608,0.003822,0.050700,,308,70
12,4,APMM,32,-10.287262,51.433688,1059.479404,4523.234524,0.008487,0.075166,,776,70
12,4,ind,32,15.424376,252.147037,2480.056350,220.652625,0.040998,0.170644,,776,70
12,4,base,32,12.206223,12.736890,193.535181,10.274879,0.005612,0.056496,,302,70
12,4,APMM,33,-40.309846,42.370402,1098.733764,2722.011456,0.009617,0.078991,,842,70
12,4,ind,33,-179.276757,227.030718,2197.047888,235.225315,0.032114,0.146587,,842,70
12,4,base,33,2.416286,7.083524,173.489286,2.830187,0.003698,0.050654,,325,70
12,4,APMM,34,7.845021,39.932897,1703.372062,4857.460143,0.011592,0.080536,,820,70
12,4,ind,34,79.045569,593.042828,3741.340333,726.780435,0.088962,0.238452,,820,70
12,4,base,34,10.247202,15.880766,314.355473,14.641962,0.008294,0.069922,,316,70
12,4,APMM,35,38.071220,43.174440,1643.389173,7927.794856,0.010865,0.081590,,804,70
12,4,ind,35,588.354337,600.218617,4316.766942,879.355010,0.098627,0.250330,,804,70
12,4,base,35,27.414724,18.498072,326.328435,29.235396,0.007145,0.068139,,312,70
12,4,APMM,36,-1.954366,31.293700,1197.552490,3343.635640,0.010653,0.081973,,752,70
12,4,ind,36,119.277272,349.593987,2946.150484,354.907889,0.054130,0.187532,,752,70
12,4,base,36,10.035870,13.504602,234.870238,11.277651,0.006494,0.064797,,303,70
12,4,APMM,37,-20.982114,41.990968,1595.536071,3293.969056,0.010426,0.083446,,860,70
12,4,ind,37,65.233231,387.523854,3480.468827,352.627246,0.057172,0.196870,,860,70
12,4,base,37,6.918464,11.877100,226.007644,8.376858,0.005572,0.060194,,320,70
12,4,APMM,38,-27.848288,35.743406,931.638354,2441.504492,0.008615,0.075554,,786,70
12,4,ind,38,-66.368306,222.804484,2317.697958,206.505912,0.039855,0.168071,,786,70
12,4,base,38,4.161997,10.875146,180.494185,5.998676,0.004582,0.054110,,306,70
12,4,APMM,39,-13.392821,33.389906,872.492578,3260.551349,0.007401,0.062748,,794,70
12,4,ind,39,117.370627,246.371030,2119.643613,219.681406,0.035287,0.141426,,794,70
12,4,base,39,9.684472,12.610716,149.387888,10.389206,0.003612,0.039691,,312,70
13,4,APMM,0,-9.701284,47.437495,1567.808631,8243.140731,0.008147,0.070228,,904,77
13,4,ind,0,235.736860,595.760225,4194.877649,671.329391,0.065962,0.206834,,904,77
13,4,base,0,19.751791,17.435116,290.385447,21.328832,0.006086,0.060330,,341,77
13,4,APMM,1,-33.965683,39.989965,1033.339997,3458.228626,0.007964,0.069884,,876,77
13,4,ind,1,22.411468,278.835274,2365.139523,223.450385,0.032599,0.149058,,876,77
13,4,base,1,7.154839,10.594198,158.002014,6.230525,0.003008,0.042046,,339,77
13,4,APMM,2,-54.983253,44.799597,1107.015529,3465.537263,0.008444,0.071933,,820,77
13,4,ind,2,-131.716177,249.740244,2327.983482,231.654770,0.040528,0.163404,,820,77
13,4,base,2,3.454279,7.981834,183.046864,3.283878,0.004133,0.049381,,334,77
13,4,APMM,3,-42.625096,44.034626,1133.266156,4016.476281,0.008537,0.073259,,906,77
13,4,ind,3,0.568346,266.373027,2513.166010,214.743083,0.034893,0.158830,,906,77
13,4,base,3,7.816579,9.920060,192.167347,6.152615,0.003820,0.050605,,348,77
13,4,APMM,4,28.990532,84.901608,1995.101624,11688.822597,0.017786,0.097275,,902,77
13,4,ind,4,423.129221,677.112173,4206.978032,816.100328,0.085517,0.229254,,902,77
13,4,base,4,28.654785,16.390092,314.692249,21.585168,0.007397,0.070491,,344,77
13,4,APMM,5,-30.432248,40.202133,1118.098440,3680.410177,0.007536,0.067208,,950,77
13,4,ind,5,92.937669,310.158783,2583.958477,261.893914,0.032874,0.153200,,950,77
13,4,base,5,7.879949,12.183420,185.165529,8.240505,0.003703,0.046867,,355,77
13,4,APMM,6,-25.951898,41.634538,1028.263352,5473.004359,0.007987,0.069451,,824,77
13,4,ind,6,126.198829,337.047875,2391.092725,307.799177,0.036447,0.154381,,824,77
13,4,base,6,9.804100,13.158638,183.405482,10.082025,0.004155,0.048079,,328,77
13,4,APMM,7,-24.463341,32.749142,879.127034,1931.463630,0.007393,0.068859,,822,77
13,4,ind,7,-21.174323,179.804001,2062.084512,131.147105,0.028915,0.148606,,822,77
13,4,base,7,3.447903,7.802666,187.469995,3.434079,0.004355,0.053218,,324,77
13,4,APMM,8,-19.254467,39.390583,1181.627375,4559.599120,0.008139,0.070572,,870,77
13,4,ind,8,75.674758,382.135187,3037.000665,393.034165,0.053719,0.188462,,870,77
13,4,base,8,8.462174,12.277418,207.553913,9.003860,0.004595,0.053424,,336,77
13,4,APMM,9,-33.023588,43.508041,1209.208617,4361.062475,0.011145,0.087644,,794,77
13,4,ind,9,-94.815042,290.407446,2663.688365,266.756735,0.047391,0.185461,,794,77
13,4,base,9,4.195192,10.676746,245.976213,5.769450,0.007041,0.069029,,324,77
13,4,APMM,10,-8.552794,50.553259,1270.343468,8508.657549,0.008721,0.073812,,778,77
13,4,ind,10,302.568933,325.267375,2818.127816,427.892595,0.047179,0.175404,,778,77
13,4,base,10,22.045167,16.458547,273.396154,23.626997,0.005601,0.060045,,324,77
13,4,APMM,11,-28.937010,36.501833,998.168759,2484.723000,0.008773,0.075935,,820,77
13,4,ind,11,-81.297733,211.949119,2224.043007,178.201749,0.033632,0.155205,,820,77
13,4,base,11,3.679572,8.015913,177.115187,3.475763,0.004287,0.049988,,331,77
13,4,APMM,12,-24.278400,39.909643,995.427834,5284.336082,0.009611,0.078890,,738,77
13,4,ind,12,11.158864,241.530149,2171.745579,269.791668,0.036435,0.158396,,738,77
13,4,base,12,7.237071,12.245634,207.278522,10.540670,0.005227,0.054897,,318,77
13,4,APMM,13,-31.728513,40.711795,1390.275926,4141.059959,0.009933,0.082887,,834,77
13,4,ind,13,-3.588014,378.742420,3432.874041,407.899087,0.056458,0.203155,,834,77
13,4,base,13,6.761580,11.619934,248.928048,8.563707,0.005788,0.063429,,333,77
13,4,APMM,14,-24.820333,38.020766,917.586377,5063.551464,0.008855,0.075618,,738,77
13,4,ind,14,137.939288,295.548253,2113.101054,261.686076,0.036936,0.157616,,738,77
13,4,base,14,9.810477,12.656002,189.900179,10.266716,0.004687,0.053508,,310,77
13,4,APMM,15,-17.576419,36.881415,1350.856137,3034.034352,0.009053,0.079296,,912,77
13,4,ind,15,-178.169162,321.898710,3082.627260,314.020550,0.047931,0.188044,,912,77
13,4,base,15,2.852543,8.174705,205.417288,3.398809,0.004370,0.054571,,347,77
13,4,APMM,16,2.383575,31.119816,1217.468508,6591.663533,0.006539,0.059966,,920,77
13,4,ind,16,392.964866,415.892214,3471.135975,516.598868,0.055229,0.193487,,920,77
13,4,base,16,17.269699,16.374870,255.031787,19.974317,0.005669,0.055311,,347,77
13,4,APMM,17,-24.063831,49.173726,1554.881243,8012.649311,0.009038,0.070592,,814,77
13,4,ind,17,240.582727,621.443545,3880.240924,723.750006,0.071866,0.217097,,814,77
13,4,base,17,16.484014,19.545731,288.782907,21.742124,0.006111,0.062611,,323,77
13,4,APMM,18,-26.422979,29.885168,857.377192,2684.378191,0.008355,0.072170,,800,77
13,4,ind,18,-17.116776,210.761165,1875.939665,167.040709,0.028378,0.138777,,800,77
13,4,base,18,4.284724,9.463368,143.209796,5.096291,0.002804,0.040109,,327,77
13,4,APMM,19,-11.732116,37.070441,989.221263,5103.263286,0.007802,0.069198,,760,77
13,4,ind,19,198.903933,357.988060,2253.963833,317.241042,0.040421,0.162059,,760,77
13,4,base,19,13.164388,15.136069,188.629066,13.697841,0.004255,0.049041,,316,77
13,4,APMM,20,-10.423938,31.503482,932.995769,2909.334548,0.007107,0.062766,,920,77
13,4,ind,20,25.054854,276.193260,2341.019686,215.317659,0.032504,0.145242,,920,77
13,4,base,20,6.696527,9.739069,160.415630,5.692997,0.003532,0.041463,,351,77
13,4,APMM,21,-16.096612,28.949736,971.885248,2536.113696,0.006562,0.062615,,990,77
13,4,ind,21,18.660328,218.877087,2368.125935,176.339665,0.027519,0.136549,,990,77
13,4,base,21,5.280786,9.666033,146.838139,5.775983,0.002668,0.036556,,364,77
13,4,APMM,22,-1.001573,42.122884,1094.049315,5676.106495,0.010288,0.078476,,766,77
13,4,ind,22,118.790543,338.483122,2706.717317,337.401332,0.054624,0.185623,,766,77
13,4,base,22,12.001719,15.410026,226.945581,13.926522,0.006501,0.060257,,312,77
13,4,APMM,23,-12.084002,35.535788,1298.226636,3698.867997,0.008762,0.076422,,826,77
13,4,ind,23,129.085782,341.307981,3284.131148,338.233490,0.061799,0.213042,,826,77
13,4,base,23,9.670987,11.376133,238.081609,8.903334,0.005404,0.059877,,333,77
13,4,APMM,24,6.655053,44.406720,1231.202754,7342.707905,0.009645,0.074510,,772,77
13,4,ind,24,236.948906,428.007663,3293.315489,517.511729,0.069061,0.216598,,772,77
13,4,base,24,20.614137,16.027849,299.758828,18.468169,0.008788,0.074618,,310,77
13,4,APMM,25,7.114671,30.960127,1305.221401,3752.652439,0.007999,0.068833,,938,77
13,4,ind,25,130.431854,450.196433,2988.514490,428.425409,0.052345,0.183934,,938,77
13,4,base,25,9.082129,12.297028,223.944499,9.246845,0.005131,0.054826,,348,77
13,4,APMM,26,-33.551711,36.098043,948.876557,3307.616124,0.007868,0.071284,,808,77
13,4,ind,26,26.501755,238.750150,2039.952588,205.299933,0.029983,0.139393,,808,77
13,4,base,26,7.031722,10.561175,152.145109,6.815073,0.003033,0.041340,,332,77
13,4,APMM,27,-22.474709,30.217814,1106.300750,2897.369768,0.007677,0.072292,,868,77
13,4,ind,27,100.177732,316.759785,2815.352866,243.905668,0.040288,0.174746,,868,77
13,4,base,27,6.090130,10.554957,203.854883,6.185570,0.004789,0.053494,,337,77
13,4,APMM,28,-21.427671,42.566787,1140.681797,3979.727020,0.011278,0.088626,,738,77
13,4,ind,28,-130.817578,286.071788,2734.322081,304.874833,0.057925,0.204233,,738,77
13,4,base,28,4.825046,9.048991,244.120353,4.817196,0.007232,0.070583,,311,77
13,4,APMM,29,-2.863739,44.725497,1066.808201,5909.771767,0.008648,0.072462,,838,77
13,4,ind,29,44.537912,237.255272,2664.980332,279.343169,0.048916,0.183728,,838,77
13,4,base,29,15.669664,15.939598,215.707946,15.234514,0.005104,0.054147,,332,77
13,4,APMM,30,-20.173505,69.885486,1414.820054,11658.049897,0.009708,0.075497,,918,77
13,4,ind,30,420.754242,493.013352,3269.617404,608.561670,0.054268,0.183172,,918,77
13,4,base,30,27.124922,19.511484,256.493775,26.828855,0.004676,0.054949,,349,77
13,4,APMM,31,-13.984369,38.840891,1166.124625,5050.438877,0.009515,0.077046,,848,77
13,4,ind,31,109.456712,268.628839,2644.839467,290.713514,0.043836,0.172059,,848,77
13,4,base,31,12.362480,12.747539,200.932531,11.084603,0.004396,0.050957,,335,77
13,4,APMM,32,-22.356060,43.825629,1155.541582,5938.557352,0.007264,0.067268,,836,77
13,4,ind,32,181.143040,408.240850,3015.538886,433.600558,0.047955,0.183040,,836,77
13,4,base,32,14.202884,14.399475,219.980149,13.766880,0.004592,0.052218,,328,77
13,4,APMM,33,-41.828036,35.111702,846.238704,1664.612793,0.006260,0.059643,,920,77
13,4,ind,33,-68.993579,205.464161,1880.839145,145.339011,0.020026,0.114878,,920,77
13,4,base,33,1.508841,5.863333,111.225287,1.736895,0.001668,0.030306,,352,77
13,4,APMM,34,34.141692,45.649937,1621.058324,11669.534290,0.010382,0.078686,,858,77
13,4,ind,34,522.419091,503.251009,4423.665710,730.110363,0.092871,0.243418,,858,77
13,4,base,34,32.553724,20.538581,378.612869,34.297529,0.008748,0.070508,,337,77
13,4,APMM,35,8.721273,43.014328,1362.181207,6591.607084,0.008031,0.070121,,898,77
13,4,ind,35,436.081054,561.249617,3690.655323,576.890286,0.060198,0.202283,,898,77
13,4,base,35,18.126469,16.641707,263.791684,18.119405,0.005317,0.058408,,341,77
13,4,APMM,36,10.437082,41.207806,1384.571156,8344.218004,0.010064,0.077431,,806,77
13,4,ind,36,507.943605,439.989190,3704.555339,636.276776,0.078174,0.223285,,806,77
13,4,base,36,24.387144,16.032231,310.579966,23.748841,0.007568,0.067111,,328,77
13,4,APMM,37,-1.698217,36.852743,1375.135092,3864.110646,0.009634,0.076995,,898,77
13,4,ind,37,54.345340,364.095228,3245.188115,321.109323,0.056091,0.193020,,898,77
13,4,base,37,8.901837,12.020369,236.867675,9.024555,0.006224,0.057999,,340,77
13,4,APMM,38,18.856384,61.257557,1200.088502,11896.934316,0.008478,0.071218,,840,77
13,4,ind,38,615.847284,397.844063,2898.735096,497.309804,0.048974,0.181595,,840,77
13,4,base,38,33.416919,20.975645,240.595899,32.643027,0.004575,0.051125,,328,77
13,4,APMM,39,-23.033201,42.260677,1255.182199,5880.653838,0.009253,0.073323,,838,77
13,4,ind,39,91.513445,406.953479,3172.047914,398.477032,0.051752,0.177455,,838,77
13,4,base,39,10.903750,14.203005,197.317444,12.319901,0.004148,0.048427,,334,77
14,4,APMM,0,-36.998869,44.289569,1255.170462,3513.773361,0.010019,0.082993,,846,82
14,4,ind,0,-53.551594,259.925990,2807.086392,218.625509,0.046927,0.184316,,846,82
14,4,base,0,4.397129,8.084350,229.625561,3.712943,0.005934,0.060249,,345,82
14,4,APMM,1,58.710411,64.938451,1877.265327,16907.854052,0.010997,0.075539,,878,82
14,4,ind,1,886.596909,653.003943,4422.285718,982.420834,0.096227,0.236615,,878,82
14,4,base,1,38.702681,20.911544,371.934676,37.868874,0.007018,0.059239,,353,82
14,4,APMM,2,-12.794852,31.000888,957.763953,3625.232898,0.007324,0.063036,,902,82
14,4,ind,2,11.266400,248.535324,2382.097250,191.963250,0.034815,0.147422,,902,82
14,4,base,2,6.692718,11.196956,190.884583,6.721570,0.004483,0.046847,,358,82
14,4,APMM,3,17.414319,42.808119,1364.192043,7364.937374,0.010366,0.073741,,954,82
14,4,ind,3,98.040418,385.603035,3352.501307,458.556568,0.056470,0.193274,,954,82
14,4,base,3,14.423316,14.100363,290.469839,14.086631,0.008730,0.064474,,362,82
14,4,APMM,4,38.829275,74.008432,1827.372912,21196.977365,0.009861,0.072086,,838,82
14,4,ind,4,1080.107048,704.519202,4409.673965,1140.457212,0.089186,0.243378,,838,82
14,4,base,4,46.616161,24.955325,401.197314,48.974852,0.006693,0.063885,,344,82
14,4,APMM,5,-20.240726,42.385296,1204.908327,5533.455733,0.008412,0.073078,,910,82
14,4,ind,5,182.189814,385.320556,2729.209519,408.456974,0.044917,0.170900,,910,82
14,4,base,5,13.190212,13.170970,228.089887,11.319276,0.004907,0.053591,,361,82
14,4,APMM,6,-32.228321,41.614199,1253.753450,6420.682688,0.008561,0.070589,,978,82
14,4,ind,6,-78.520595,344.747780,2803.622349,347.718139,0.037057,0.154071,,978,82
14,4,base,6,5.770065,14.052064,191.907963,9.860161,0.004181,0.044110,,374,82
14,4,APMM,7,-24.467457,44.635663,1475.878113,8458.452091,0.011537,0.086564,,816,82
14,4,ind,7,-103.574878,453.544040,3645.517267,555.103786,0.081045,0.221356,,816,82
14,4,base,7,8.116853,16.452291,318.137549,15.990866,0.007325,0.068890,,347,82
14,4,APMM,8,-20.437225,38.446848,1089.549851,5280.974569,0.007338,0.068364,,914,82
14,4,ind,8,113.757536,343.897816,2674.680529,332.699623,0.037392,0.156714,,914,82
14,4,base,8,9.237020,11.935542,186.871815,9.429436,0.003369,0.045359,,361,82
14,4,APMM,9,-42.066077,40.941795,1238.241890,3829.243668,0.008985,0.076077,,934,82
14,4,ind,9,-147.293021,255.246471,2788.161191,238.444080,0.041141,0.165665,,934,82
14,4,base,9,3.065349,9.649228,230.685039,4.832370,0.005791,0.058835,,363,82
14,4,APMM,10,-15.232450,42.743425,1341.963179,8722.299247,0.008675,0.069807,,810,82
14,4,ind,10,127.570666,501.430119,3499.930548,522.099278,0.067880,0.205303,,810,82
14,4,base,10,11.696712,17.902811,265.328760,17.372672,0.005588,0.059752,,334,82
14,4,APMM,11,-8.321282,34.808031,1447.072092,3689.206512,0.009356,0.078160,,966,82
14,4,ind,11,7.911677,345.700654,3046.448451,328.274690,0.049886,0.185687,,966,82
14,4,base,11,6.121793,9.691401,245.349576,5.837424,0.004769,0.054807,,374,82
14,4,APMM,12,-25.715676,37.645760,1188.521971,3816.670558,0.009014,0.078350,,926,82
14,4,ind,12,-113.532504,270.150672,2641.172591,281.905406,0.038231,0.163551,,926,82
14,4,base,12,3.887157,8.777022,233.515782,4.017058,0.005920,0.059985,,356,82
14,4,APMM,13,-19.287283,36.933628,1059.998981,6804.481818,0.006946,0.062423,,912,82
14,4,ind,13,195.754252,381.028431,2893.637086,331.742216,0.042383,0.173192,,912,82
14,4,base,13,13.241583,14.766689,203.207282,13.710841,0.005062,0.048297,,352,82
14,4,APMM,14,-18.132621,33.324512,1048.010600,3870.096416,0.008099,0.070092,,912,82
14,4,ind,14,35.292004,231.099570,2257.042857,201.056523,0.030528,0.139824,,912,82
14,4,base,14,6.352601,10.294039,180.236217,6.211354,0.004151,0.045076,,362,82
14,4,APMM,15,-8.095169,40.382249,1278.162287,6694.651287,0.007001,0.064323,,910,82
14,4,ind,15,298.397647,477.414100,3288.734285,460.842009,0.053575,0.189363,,910,82
14,4,base,15,14.737207,14.393023,242.914781,13.406387,0.005201,0.055588,,355,82
14,4,APMM,16,14.885390,49.471861,1274.438208,10444.540932,0.008045,0.070758,,966,82
14,4,ind,16,333.071699,387.710875,3008.505085,389.801585,0.044620,0.176804,,966,82
14,4,base,16,20.219269,16.548114,271.794922,19.600576,0.005367,0.057511,,370,82
14,4,APMM,17,2.054982,54.586077,1509.286490,14968.248500,0.011189,0.081793,,758,82
14,4,ind,17,427.412017,379.731650,3886.902236,567.287090,0.070885,0.216708,,758,82
14,4,base,17,27.312158,18.410003,315.727175,29.482455,0.007435,0.067273,,325,82
14,4,APMM,18,-6.085556,52.873135,1197.272483,10991.662278,0.007624,0.067953,,940,82
14,4,ind,18,368.050399,390.222011,3011.310555,390.789841,0.045972,0.175155,,940,82
14,4,base,18,21.949274,18.331010,246.216126,21.122098,0.005077,0.054891,,363,82
14,4,APMM,19,37.967464,60.142968,1367.620594,16797.806291,0.008839,0.068519,,904,82
14,4,ind,19,728.413149,530.825348,3338.039046,734.541124,0.061510,0.187054,,904,82
14,4,base,19,36.674376,21.439250,305.521535,36.284632,0.005498,0.055285,,363,82
14,4,APMM,20,11.843731,42.625930,1217.838459,12768.976849,0.009192,0.076000,,788,82
14,4,ind,20,458.015573,391.289513,3440.379751,513.911246,0.067839,0.223073,,788,82
14,4,base,20,25.438457,18.730125,300.886551,28.515768,0.006957,0.064861,,330,82
14,4,APMM,21,19.574273,46.132914,1166.400192,11694.322889,0.007986,0.069933,,846,82
14,4,ind,21,439.041487,406.680029,3127.889779,486.770483,0.059843,0.202660,,846,82
14,4,base,21,27.261381,18.898372,254.640572,25.801042,0.006066,0.057274,,345,82
14,4,APMM,22,-17.161538,44.622077,1662.868548,5625.857111,0.011337,0.084736,,980,82
14,4,ind,22,-122.995175,379.762298,4012.052186,433.222144,0.064138,0.210253,,980,82
14,4,base,22,6.099128,12.758799,275.320217,9.547115,0.007224,0.063719,,371,82
14,4,APMM,23,-22.858094,42.509245,1302.627210,9173.738319,0.008531,0.073022,,878,82
14,4,ind,23,220.567613,446.533247,3302.403336,490.771663,0.054270,0.194597,,878,82
14,4,base,23,15.643842,16.488815,236.124042,17.794549,0.004308,0.053624,,348,82
14,4,APMM,24,-28.748856,51.797467,1252.086917,5735.666045,0.009687,0.081046,,948,82
14,4,ind,24,-173.955273,246.984893,2977.323293,249.457814,0.040973,0.172091,,948,82
14,4,base,24,5.956994,8.845083,218.337953,4.886547,0.005089,0.055206,,369,82
14,4,APMM,25,-9.289110,43.163449,1195.671688,8795.990536,0.009745,0.079543,,830,82
14,4,ind,25,160.851506,313.912854,2910.663992,355.714332,0.050319,0.186480,,830,82
14,4,base,25,16.729977,16.777713,258.373247,17.765669,0.005929,0.061747,,346,82
14,4,APMM,26,-5.208559,59.980784,1361.153786,9959.832503,0.010236,0.081701,,982,82
14,4,ind,26,172.385234,398.015468,2948.571820,388.853452,0.042841,0.174767,,982,82
14,4,base,26,16.083411,15.494416,249.676446,13.965831,0.005842,0.057672,,375,82
14,4,APMM,27,-12.550810,41.980988,1118.924469,8630.789281,0.008089,0.069521,,904,82
14,4,ind,27,239.930770,374.307275,2819.559149,372.488876,0.041911,0.166854,,904,82
14,4,base,27,15.660882,16.240299,217.637305,17.248792,0.004365,0.049269,,361,82
14,4,APMM,28,-25.036795,38.548402,1019.806028,5957.794848,0.007968,0.070202,,872,82
14,4,ind,28,48.598420,333.106913,2515.021812,312.439541,0.038501,0.163010,,872,82
14,4,base,28,7.611297,14.684972,214.173282,11.828823,0.004938,0.051022,,354,82
14,4,APMM,29,-26.211055,42.147435,1392.527762,6587.638472,0.008636,0.074814,,908,82
14,4,ind,29,188.736993,431.893505,3336.458609,486.028553,0.054767,0.183702,,908,82
14,4,base,29,12.586410,13.663767,244.880441,12.365489,0.004310,0.054907,,364,82
14,4,APMM,30,-21.953838,31.887728,1020.361847,4252.201225,0.007796,0.069098,,850,82
14,4,ind,30,87.894140,323.644864,2652.343071,266.616255,0.039354,0.170113,,850,82
14,4,base,30,6.981805,10.993126,190.411561,6.951359,0.004467,0.048855,,348,82
14,4,APMM,31,-22.493029,32.772036,1065.369381,3906.128594,0.006803,0.063245,,980,82
14,4,ind,31,70.402563,261.896451,2801.702588,219.988501,0.035760,0.156584,,980,82
14,4,base,31,6.785897,11.275806,187.970775,7.724986,0.003661,0.044587,,371,82
14,4,APMM,32,-26.280588,38.346851,1215.992914,4473.282941,0.007629,0.070334,,928,82
14,4,ind,32,86.288653,432.919302,3159.578792,386.541966,0.049255,0.180876,,928,82
14,4,base,32,7.356124,11.884701,235.879866,7.887093,0.005183,0.054728,,364,82
14,4,APMM,33,-4.883331,48.022602,1104.401373,7053.773387,0.009356,0.077970,,832,82
14,4,ind,33,-6.264171,258.832560,2798.248045,276.279346,0.045352,0.185985,,832,82
14,4,base,33,13.352611,13.710788,232.757320,12.001314,0.005837,0.057609,,346,82
14,4,APMM,34,-4.316599,34.110420,1199.122235,6955.441702,0.008146,0.072797,,904,82
14,4,ind,34,154.850251,332.980526,3160.523464,329.027892,0.043225,0.180610,,904,82
14,4,base,34,15.172994,14.407035,262.426144,15.429016,0.006380,0.062597,,352,82
14,4,APMM,35,-30.972914,39.070571,1361.145493,5430.194447,0.009663,0.077126,,866,82
14,4,ind,35,-46.363543,395.927762,3385.967185,425.966013,0.059324,0.198508,,866,82
14,4,base,35,6.465563,12.335625,262.499686,8.562599,0.006505,0.064969,,346,82
14,4,APMM,36,-12.867187,40.105116,1546.048151,5304.266034,0.010549,0.086815,,938,82
14,4,ind,36,-20.067940,386.890478,3895.324117,386.794076,0.063503,0.217597,,938,82
14,4,base,36,8.373937,10.651098,290.661200,7.710127,0.007553,0.069920,,358,82
14,4,APMM,37,39.023431,58.227020,1601.033251,16156.476381,0.012224,0.083006,,788,82
14,4,ind,37,483.169539,396.976644,4344.464409,878.067700,0.107960,0.273899,,788,82
14,4,base,37,41.181356,19.180597,382.542656,36.987419,0.010591,0.078215,,330,82
14,4,APMM,38,-22.217308,44.296206,1069.698656,6690.892723,0.009626,0.078248,,792,82
14,4,ind,38,-3.844307,257.028967,2417.022060,236.291647,0.042277,0.168681,,792,82
14,4,base,38,13.658113,13.470680,238.988898,11.802798,0.005855,0.060596,,336,82
14,4,APMM,39,153.993601,45.316344,2075.230493,29900.374205,0.012188,0.069785,,814,82
14,4,ind,39,1508.501379,356.772361,4993.754368,1311.831163,0.132734,0.258245,,814,82
14,4,base,39,81.162895,18.034669,545.524837,75.746436,0.009999,0.064674,,341,82
15,4,APMM,0,65.089560,65.195019,1819.969033,28528.067054,0.009372,0.066470,,950,88
15,4,ind,0,1159.230976,641.886731,5398.200166,1190.046403,0.108276,0.258862,,950,88
15,4,base,0,53.587584,24.790156,431.432189,55.580027,0.008519,0.062793,,373,88
15,4,APMM,1,-36.838505,36.314386,1149.463235,4964.515604,0.007730,0.067542,,1018,88
15,4,ind,1,0.250584,367.647717,2743.358325,282.115023,0.034573,0.151011,,1018,88
15,4,base,1,5.050671,11.072594,171.024465,5.930214,0.002696,0.039114,,391,88
15,4,APMM,2,-13.352622,46.608462,1203.735075,7213.530835,0.009464,0.076774,,928,88
15,4,ind,2,-69.797921,256.492387,2926.776118,297.702270,0.047883,0.183448,,928,88
15,4,base,2,10.968137,12.487652,251.211359,9.303532,0.005808,0.058031,,381,88
15,4,APMM,3,-33.809140,40.209195,1356.295427,4730.562745,0.008559,0.072423,,1094,88
15,4,ind,3,-77.424093,238.227838,2914.754507,235.119742,0.034261,0.149578,,1094,88
15,4,base,3,4.172285,9.771293,199.509072,5.146456,0.003555,0.044648,,411,88
15,4,APMM,4,-16.381100,45.168714,1785.961270,7480.953795,0.010461,0.081564,,998,88
15,4,ind,4,2.389012,434.226148,3979.496649,487.859914,0.064031,0.208975,,998,88
15,4,base,4,11.534078,11.830211,315.637085,9.555023,0.006641,0.065260,,387,88
15,4,APMM,5,-21.271897,50.044306,1674.815417,11705.735327,0.009241,0.072365,,1034,88
15,4,ind,5,236.455948,586.262909,4110.007552,726.750152,0.070297,0.209576,,1034,88
15,4,base,5,17.297427,17.050211,308.776298,18.193396,0.006256,0.058629,,396,88
15,4,APMM,6,-26.958429,35.417766,1220.260622,5391.870352,0.008119,0.073568,,934,88
15,4,ind,6,-38.305869,301.765238,2833.695474,273.704897,0.040110,0.173397,,934,88
15,4,base,6,6.286643,10.597958,241.958413,6.403039,0.005043,0.057184,,377,88
15,4,APMM,7,-28.429257,32.885916,865.412294,3327.278667,0.006909,0.062887,,930,88
15,4,ind,7,-61.774517,179.075738,2110.659127,155.498968,0.027552,0.137118,,930,88
15,4,base,7,3.343643,9.084052,170.826820,4.458901,0.003514,0.042706,,373,88
15,4,APMM,8,-28.915562,43.559266,1421.479280,8774.792859,0.009120,0.078602,,982,88
15,4,ind,8,-1.420279,346.784264,3391.399880,389.288288,0.048627,0.184187,,982,88
15,4,base,8,10.018738,12.785929,260.099257,9.795099,0.005209,0.059964,,382,88
15,4,APMM,9,-2.148513,41.885690,1335.909063,10258.137251,0.010914,0.080774,,902,88
15,4,ind,9,32.704317,420.715676,3249.104006,430.143700,0.062896,0.204376,,902,88
15,4,base,9,10.771897,16.590642,327.201280,15.650267,0.009030,0.071378,,371,88
15,4,APMM,10,-27.315561,43.243332,1256.425513,8038.863113,0.008330,0.073942,,910,88
15,4,ind,10,234.504384,350.452335,3015.820243,362.239022,0.041457,0.169077,,910,88
15,4,base,10,14.579354,14.269696,248.150011,13.193277,0.005210,0.057397,,371,88
15,4,APMM,11,-2.336653,48.130179,1378.166676,14616.262811,0.008920,0.073489,,914,88
15,4,ind,11,414.587433,475.560326,3328.029332,610.946256,0.061073,0.197018,,914,88
15,4,base,11,25.614166,18.627377,278.971841,25.808815,0.004733,0.053763,,376,88
15,4,APMM,12,-16.090380,39.690781,1218.271932,7060.755751,0.009203,0.076897,,882,88
15,4,ind,12,-13.035532,306.113173,2595.319588,336.831608,0.042869,0.163410,,882,88
15,4,base,12,10.428524,13.242497,238.280623,10.651627,0.004683,0.052616,,375,88
15,4,APMM,13,-21.044431,39.582660,1448.535807,8067.918535,0.008466,0.074818,,1010,88
15,4,ind,13,127.823790,488.718445,3436.179552,453.685562,0.050023,0.184883,,1010,88
15,4,base,13,10.392698,14.951025,247.935488,12.563115,0.004155,0.053093,,394,88
15,4,APMM,14,-6.182186,39.424319,1196.570981,10874.942837,0.009710,0.080491,,850,88
15,4,ind,14,182.518010,415.851288,3138.038099,453.236060,0.056929,0.192387,,850,88
15,4,base,14,14.615751,17.081956,256.597466,17.241368,0.006011,0.059461,,356,88
15,4,APMM,15,-33.524224,35.789331,1031.414042,3033.735492,0.007038,0.065175,,1022,88
15,4,ind,15,-133.411793,201.645994,2415.656760,178.955098,0.027630,0.143777,,1022,88
15,4,base,15,3.039103,6.467915,172.280277,2.494091,0.003297,0.041334,,396,88
15,4,APMM,16,-19.937568,32.257712,1123.838398,6652.617086,0.006602,0.061065,,1024,88
15,4,ind,16,187.859473,379.341566,3226.225087,339.041378,0.040595,0.172704,,1024,88
15,4,base,16,9.507022,13.159276,237.537494,10.568126,0.005124,0.052103,,392,88
15,4,APMM,17,-26.807261,43.437492,1754.216698,10252.317514,0.009402,0.076174,,972,88
15,4,ind,17,-56.608927,577.996707,4733.324180,805.631236,0.080245,0.236349,,972,88
15,4,base,17,7.719559,14.461811,336.058093,14.273939,0.006422,0.067376,,382,88
15,4,APMM,18,73.335906,67.707316,1509.485228,28649.117994,0.010180,0.073419,,920,88
15,4,ind,18,864.767573,432.778132,3426.875036,711.898710,0.066456,0.202668,,920,88
15,4,base,18,51.835243,23.222675,401.326619,51.087657,0.007316,0.061174,,376,88
15,4,APMM,19,-34.146911,36.639149,1015.311858,5596.945125,0.007219,0.066191,,940,88
15,4,ind,19,-3.528548,270.967698,2353.144840,248.117482,0.029293,0.144980,,940,88
15,4,base,19,5.154045,10.851384,190.420914,6.665060,0.003703,0.045735,,377,88
15,4,APMM,20,16.979843,41.551288,1211.653739,13496.823844,0.007195,0.063777,,986,88
15,4,ind,20,582.065181,464.714595,3584.676827,604.620457,0.059121,0.193022,,986,88
15,4,base,20,27.155095,18.250378,269.691954,24.892051,0.004682,0.051097,,390,88
15,4,APMM,21,-16.992320,39.190495,1225.543809,7496.561279,0.006751,0.064237,,1096,88
15,4,ind,21,151.331517,365.180044,3134.624734,333.106643,0.034007,0.152771,,1096,88
15,4,base,21,11.960097,13.692713,217.108894,11.741281,0.003345,0.044753,,413,88
15,4,APMM,22,-3.293781,37.865031,1298.370251,6673.349751,0.010065,0.079836,,894,88
15,4,ind,22,65.060960,373.945601,3241.904395,377.744743,0.060698,0.208092,,894,88
15,4,base,22,8.703471,12.256128,288.079849,8.773871,0.007898,0.068865,,363,88
15,4,APMM,23,17.646849,49.005973,1731.520043,15681.606801,0.008725,0.069385,,1008,88
15,4,ind,23,797.494982,518.505056,4784.960906,804.014547,0.071095,0.217416,,1008,88
15,4,base,23,29.677441,19.062366,308.489834,29.722460,0.005704,0.055130,,395,88
15,4,APMM,24,-13.239751,37.857793,1329.434279,7363.979658,0.009927,0.076879,,890,88
15,4,ind,24,-3.954251,400.700003,3542.068999,436.973992,0.061872,0.210767,,890,88
15,4,base,24,10.606524,14.134762,320.655991,11.398723,0.008588,0.073085,,361,88
15,4,APMM,25,-7.706604,39.659118,1184.434697,9542.752343,0.006633,0.063240,,1098,88
15,4,ind,25,156.280000,337.568833,2914.138791,322.041305,0.033892,0.151085,,1098,88
15,4,base,25,14.050480,14.961109,216.115399,14.380155,0.003895,0.046015,,405,88
15,4,APMM,26,-7.201288,41.411085,1089.946310,9105.484304,0.008122,0.073964,,908,88
15,4,ind,26,152.116591,308.477255,2601.263225,323.331871,0.039154,0.159801,,908,88
15,4,base,26,15.866068,15.200795,211.067376,14.593906,0.003416,0.047503,,377,88
15,4,APMM,27,17.711277,56.694831,1574.521350,21060.099634,0.008468,0.067671,,1004,88
15,4,ind,27,718.610163,472.964744,4005.665324,756.341390,0.063281,0.202259,,1004,88
15,4,base,27,37.238711,20.624696,324.446631,36.712452,0.006126,0.057153,,388,88
15,4,APMM,28,-16.876383,37.686166,1205.419554,8320.298836,0.009182,0.077763,,862,88
15,4,ind,28,222.435471,349.437020,2916.713275,335.371140,0.048339,0.188790,,862,88
15,4,base,28,14.025079,14.095698,271.495352,13.901893,0.006423,0.064067,,361,88
15,4,APMM,29,-32.863714,45.344609,1290.781349,6171.402011,0.007504,0.068184,,982,88
15,4,ind,29,61.165500,336.230880,2983.371789,316.453666,0.036855,0.159319,,982,88
15,4,base,29,8.624922,10.792321,198.285686,6.866613,0.003589,0.045492,,388,88
15,4,APMM,30,-22.459781,39.366182,1067.687199,9759.184980,0.006903,0.062883,,982,88
15,4,ind,30,104.406573,329.121919,2535.741736,310.219902,0.032902,0.148034,,982,88
15,4,base,30,11.330711,15.964301,205.196040,14.678915,0.003593,0.044877,,385,88
15,4,APMM,31,-11.052155,47.560585,1256.262748,10029.268036,0.008768,0.075593,,936,88
15,4,ind,31,182.679793,318.661136,2966.110934,323.769406,0.039419,0.167660,,936,88
15,4,base,31,16.782692,15.328686,235.775861,15.101093,0.004466,0.052375,,378,88
15,4,APMM,32,-11.099542,42.855871,1173.220387,7696.718374,0.009360,0.076367,,948,88
15,4,ind,32,-160.206435,180.151015,2829.574473,241.840181,0.041845,0.165390,,948,88
15,4,base,32,8.193953,10.907130,249.558191,7.323615,0.006695,0.060039,,375,88
15,4,APMM,33,-24.182952,35.262260,891.467779,5072.383162,0.005744,0.055957,,1038,88
15,4,ind,33,67.549418,248.362638,2004.396646,177.653530,0.019715,0.112350,,1038,88
15,4,base,33,7.794258,11.109001,146.521113,7.192345,0.001978,0.033427,,400,88
15,4,APMM,34,60.064161,49.768372,1969.811675,26744.201583,0.007509,0.059833,,1022,88
15,4,ind,34,1525.963819,721.979538,6280.729297,1450.195393,0.109871,0.253434,,1022,88
15,4,base,34,50.951050,23.352627,438.976910,52.996219,0.005889,0.054613,,394,88
15,4,APMM,35,4.140157,50.918144,1552.302864,11977.296129,0.010575,0.082097,,976,88
15,4,ind,35,50.004665,411.521682,3887.486056,586.249726,0.060862,0.207029,,976,88
15,4,base,35,12.615691,16.163610,313.664390,15.947979,0.007553,0.067691,,382,88
15,4,APMM,36,-19.586805,37.346404,1358.724684,8127.534074,0.008754,0.069083,,936,88
15,4,ind,36,254.341763,464.686276,3926.285723,565.755803,0.064790,0.191520,,936,88
15,4,base,36,13.603977,13.682333,250.995712,13.992409,0.004772,0.051264,,379,88
15,4,APMM,37,-13.171804,52.845169,1638.570259,12820.152016,0.009341,0.076727,,986,88
15,4,ind,37,249.874858,491.605773,4217.346898,545.927593,0.061337,0.204735,,986,88
15,4,base,37,19.527263,18.208572,296.575338,20.041875,0.006387,0.061672,,382,88
15,4,APMM,38,-22.229495,53.762783,1418.697254,9649.407589,0.008830,0.075332,,930,88
15,4,ind,38,242.606689,475.002809,3481.526107,497.077706,0.050299,0.189885,,930,88
15,4,base,38,15.184185,14.230309,256.968675,13.441202,0.004704,0.055349,,373,88
15,4,APMM,39,-29.089941,44.716060,1107.084426,8752.814273,0.007696,0.065643,,966,88
15,4,ind,39,64.636976,262.984359,2792.510155,285.585305,0.037476,0.153589,,966,88
15,4,base,39,11.172978,12.919476,213.982817,11.774055,0.004492,0.046786,,385,88
16,4,APMM,0,-20.069486,43.105347,1526.116570,11361.937611,0.010856,0.084950,,960,94
16,4,ind,0,-22.724524,348.773714,3551.287912,425.592485,0.059392,0.203613,,960,94
16,4,base,0,11.552904,14.506983,294.973212,13.084437,0.006672,0.062891,,395,94
16,4,APMM,1,-42.769537,47.201006,1458.316240,8363.270451,0.009479,0.077541,,1010,94
16,4,ind,1,-63.208428,423.799707,3438.945844,433.068401,0.047221,0.185536,,1010,94
16,4,base,1,6.811798,12.824898,261.012493,8.358425,0.005564,0.055877,,403,94
16,4,APMM,2,-32.662925,45.847236,1240.596617,10031.361275,0.007248,0.068511,,1060,94
16,4,ind,2,127.452657,347.464230,2956.538096,311.820622,0.036672,0.163169,,1060,94
16,4,base,2,11.483598,14.262521,223.940119,11.432483,0.003667,0.047340,,416,94
16,4,APMM,3,60.429793,80.747622,1946.006259,31421.193407,0.013629,0.093828,,952,94
16,4,ind,3,653.386565,511.355844,4655.432365,818.683643,0.097283,0.256454,,952,94
16,4,base,3,41.299265,23.757999,426.621265,43.072284,0.009088,0.075248,,400,94
16,4,APMM,4,27.923366,45.511127,1816.101081,16434.494061,0.011362,0.084110,,1040,94
16,4,ind,4,313.969170,421.927605,4149.913090,525.564292,0.071758,0.224417,,1040,94
16,4,base,4,21.012214,18.588020,392.240413,22.804387,0.008676,0.073136,,413,94
16,4,APMM,5,-14.562072,36.871594,1166.281413,9217.938253,0.008918,0.074887,,870,94
16,4,ind,5,164.467867,331.348311,2972.704348,326.361990,0.046520,0.179423,,870,94
16,4,base,5,12.951820,14.548907,234.448562,12.312544,0.005465,0.053743,,379,94
16,4,APMM,6,-51.189356,53.499907,1629.016999,13099.936488,0.010482,0.084390,,1022,94
16,4,ind,6,-81.575868,350.561871,3549.382811,431.624124,0.044867,0.176286,,1022,94
16,4,base,6,10.906820,13.050505,252.017653,10.909526,0.004589,0.054457,,414,94
16,4,APMM,7,-6.567811,54.308711,1523.894601,20934.479457,0.010019,0.080405,,956,94
16,4,ind,7,253.809061,428.653111,3982.038983,540.981427,0.065153,0.225656,,956,94
16,4,base,7,23.539799,21.765405,331.418293,27.320463,0.006712,0.066964,,394,94
16,4,APMM,8,43.307290,64.671543,1347.121671,26423.156251,0.008162,0.069280,,1006,94
16,4,ind,8,727.554871,438.618923,3515.992452,593.147948,0.050564,0.179784,,1006,94
16,4,base,8,43.665689,20.115401,312.176301,37.562614,0.005530,0.054888,,409,94
16,4,APMM,9,-12.987754,54.288980,1723.010013,18870.415731,0.011020,0.082936,,918,94
16,4,ind,9,414.813980,566.004820,4610.990421,722.415018,0.069759,0.228201,,918,94
16,4,base,9,23.019856,18.550521,363.349341,24.412494,0.008534,0.072627,,387,94
16,4,APMM,10,-6.879733,60.642509,1811.392594,17391.750251,0.010054,0.083404,,1072,94
16,4,ind,10,420.766474,496.270421,4379.376708,594.756781,0.062543,0.215265,,1072,94
16,4,base,10,25.747644,18.779649,345.787821,22.396936,0.006777,0.066994,,420,94
16,4,APMM,11,-32.103926,35.340044,1150.758928,5434.492706,0.009107,0.080322,,924,94
16,4,ind,11,-32.554673,241.733760,2628.618358,197.687098,0.036288,0.163695,,924,94
16,4,base,11,3.951138,9.675160,216.146684,4.996216,0.004195,0.052283,,388,94
16,4,APMM,12,-33.041137,38.783201,1137.426697,8100.215668,0.008603,0.074320,,896,94
16,4,ind,12,57.093147,356.077653,2789.580137,330.905518,0.041466,0.169616,,896,94
16,4,base,12,7.957832,12.435423,225.518444,8.804779,0.004776,0.051290,,386,94
16,4,APMM,13,-27.957122,42.586032,1148.359316,9392.215520,0.007725,0.066746,,1010,94
16,4,ind,13,42.302613,337.827112,2895.138751,298.807892,0.039502,0.162946,,1010,94
16,4,base,13,10.211292,12.715348,206.914873,9.436447,0.003890,0.045565,,406,94
16,4,APMM,14,-29.243789,41.803767,1431.829525,8384.047739,0.009249,0.076524,,1030,94
16,4,ind,14,88.700827,408.728186,3380.680941,364.383013,0.045375,0.177457,,1030,94
16,4,base,14,9.116873,12.666537,261.111616,8.862100,0.005997,0.057117,,403,94
16,4,APMM,15,-11.486328,43.805856,1631.340760,12135.770546,0.008847,0.075014,,1128,94
16,4,ind,15,294.556115,527.125995,3909.373848,550.805094,0.050308,0.182533,,1128,94
16,4,base,15,14.659642,15.561092,256.377136,14.850721,0.003768,0.050047,,431,94
16,4,APMM,16,3.884578,39.487277,1345.073844,15463.958077,0.008794,0.075700,,926,94
16,4,ind,16,423.979865,478.029048,3445.738149,570.207515,0.059049,0.205691,,926,94
16,4,base,16,22.249631,18.586899,326.689323,23.096253,0.006248,0.063328,,388,94
16,4,APMM,17,-34.336640,50.585942,1507.837982,11978.287098,0.010535,0.083575,,1008,94
16,4,ind,17,107.784493,381.487603,3401.082883,433.550558,0.048647,0.186954,,1008,94
16,4,base,17,12.928961,14.855355,305.325644,13.241092,0.006068,0.063526,,407,94
16,4,APMM,18,-37.647361,38.920366,1215.389779,7684.732646,0.007989,0.067669,,968,94
16,4,ind,18,-3.201096,345.451289,2949.838871,403.879836,0.039440,0.162665,,968,94
16,4,base,18,7.720601,10.342253,248.182738,8.241764,0.005200,0.052861,,395,94
16,4,APMM,19,-36.083974,41.014100,1360.882606,10437.008091,0.007719,0.064809,,1042,94
16,4,ind,19,242.148427,382.526470,3471.353940,463.856137,0.047043,0.162176,,1042,94
16,4,base,19,10.917594,11.801698,247.377423,10.951088,0.004784,0.049309,,413,94
16,4,APMM,20,-11.874172,45.964165,1589.118969,15257.176640,0.009388,0.076075,,996,94
16,4,ind,20,393.724364,471.444653,4154.763864,604.260612,0.059258,0.198407,,996,94
16,4,base,20,21.030867,16.277548,323.934657,20.395643,0.006383,0.063558,,395,94
16,4,APMM,21,-23.315860,37.799596,1355.785906,6965.987711,0.008093,0.073261,,1058,94
16,4,ind,21,40.978816,366.985875,3313.355156,347.200734,0.046095,0.182210,,1058,94
16,4,base,21,7.084583,13.219067,254.698008,9.470315,0.004840,0.053731,,417,94
16,4,APMM,22,9.535724,55.501568,1689.664528,15992.513991,0.012538,0.088806,,1008,94
16,4,ind,22,170.019307,428.193113,4046.466796,541.098497,0.064987,0.212213,,1008,94
16,4,base,22,16.734657,17.650224,291.411680,18.769205,0.006209,0.059950,,406,94
16,4,APMM,23,-31.854769,51.344818,1387.072671,11081.294603,0.009641,0.084014,,994,94
16,4,ind,23,16.886050,243.316263,2965.952438,278.874564,0.037373,0.170611,,994,94
16,4,base,23,11.430420,13.854940,270.809178,11.625001,0.005115,0.059942,,407,94
16,4,APMM,24,-10.033451,37.561265,1500.203021,6927.254798,0.008452,0.078115,,1072,94
16,4,ind,24,-9.971866,398.898762,3682.905344,373.206559,0.045095,0.181831,,1072,94
16,4,base,24,7.067446,11.416429,259.501469,7.017028,0.004456,0.054427,,421,94
16,4,APMM,25,-30.936887,41.240482,1396.582491,8855.204705,0.008284,0.074622,,1026,94
16,4,ind,25,-17.773008,377.272004,3640.760683,359.430618,0.049395,0.189789,,1026,94
16,4,base,25,6.664675,14.140540,241.404571,10.273414,0.004525,0.052529,,404,94
16,4,APMM,26,-42.793411,40.592268,1237.917072,4539.088749,0.006749,0.064155,,1094,94
16,4,ind,26,-184.172706,264.584271,2847.011396,262.434772,0.031105,0.143234,,1094,94
16,4,base,26,2.767687,7.754024,186.822317,3.157052,0.002995,0.040661,,422,94
16,4,APMM,27,-0.552687,46.385027,1560.290111,16992.485847,0.009434,0.077283,,992,94
16,4,ind,27,350.647192,569.166871,4108.546583,734.568737,0.069575,0.215308,,992,94
16,4,base,27,22.233636,19.802636,313.456298,24.366003,0.005319,0.057274,,409,94
16,4,APMM,28,-45.723572,43.882073,1050.140190,8301.974702,0.007361,0.065360,,980,94
16,4,ind,28,28.800089,230.173851,2461.189953,217.532617,0.028801,0.142352,,980,94
16,4,base,28,9.186393,12.511290,184.497260,9.897669,0.003133,0.040291,,408,94
16,4,APMM,29,-10.131080,35.058942,1456.803163,6739.410639,0.009049,0.075607,,1080,94
16,4,ind,29,14.841992,405.856474,3882.171994,391.885148,0.056864,0.198079,,1080,94
16,4,base,29,5.488425,9.948717,278.884649,6.007500,0.005579,0.058591,,421,94
16,4,APMM,30,-13.992735,50.536378,1386.129096,17097.091456,0.008947,0.073855,,922,94
16,4,ind,30,347.958736,457.911738,3694.859856,563.131599,0.060928,0.204843,,922,94
16,4,base,30,22.353186,19.160683,297.386551,23.025632,0.006313,0.059422,,389,94
16,4,APMM,31,-32.995668,43.920102,1344.945462,7324.277391,0.008151,0.074252,,1032,94
16,4,ind,31,77.892004,298.637607,2991.857015,285.633017,0.036795,0.168042,,1032,94
16,4,base,31,9.055572,10.834642,236.002267,7.431352,0.004437,0.051814,,414,94
16,4,APMM,32,-12.001622,35.258012,1301.889233,8979.878994,0.008050,0.068045,,1016,94
16,4,ind,32,255.990177,436.445746,3396.986624,429.324427,0.047895,0.171094,,1016,94
16,4,base,32,12.444362,13.730693,215.792766,12.378618,0.003500,0.042727,,413,94
16,4,APMM,33,-8.193608,28.826389,924.266037,7786.777862,0.006265,0.056476,,1002,94
16,4,ind,33,184.255824,265.094845,2454.090913,242.206135,0.029217,0.137306,,1002,94
16,4,base,33,11.435528,12.699812,198.692654,11.106668,0.003759,0.041157,,405,94
16,4,APMM,34,-22.737960,42.754273,1643.067113,11540.652342,0.007372,0.065147,,1152,94
16,4,ind,34,336.057722,528.921366,4542.377400,590.984580,0.053309,0.181330,,1152,94
16,4,base,34,14.919585,13.776254,277.429146,14.942447,0.005015,0.052018,,431,94
16,4,APMM,35,-4.865566,55.804644,1617.292504,18490.029921,0.010522,0.081590,,1022,94
16,4,ind,35,304.722102,391.750999,3862.154740,534.377029,0.059752,0.196692,,1022,94
16,4,base,35,25.023568,17.524310,297.721379,24.206894,0.005129,0.056935,,411,94
16,4,APMM,36,-44.372320,48.189505,1418.706916,10079.074009,0.009305,0.075386,,1156,94
16,4,ind,36,4.189856,286.557415,3100.688179,292.604684,0.032216,0.147332,,1156,94
16,4,base,36,8.203591,12.472189,218.480653,9.066078,0.003828,0.046245,,430,94
16,4,APMM,37,-20.273543,55.342435,1719.529911,10220.937181,0.012060,0.089158,,984,94
16,4,ind,37,-23.023314,374.125781,3821.125118,356.719501,0.060117,0.210098,,984,94
16,4,base,37,11.294964,14.441531,323.818620,11.792196,0.008750,0.071048,,399,94
16,4,APMM,38,-8.183107,27.730709,1044.452745,6585.870501,0.006186,0.059887,,1056,94
16,4,ind,38,152.744504,314.431136,2808.975216,242.185259,0.032222,0.150146,,1056,94
16,4,base,38,9.486148,12.497559,206.288698,9.688105,0.003960,0.044150,,415,94
16,4,APMM,39,-28.190835,52.403480,1321.684710,16828.836578,0.007393,0.064277,,1092,94
16,4,ind,39,244.113911,506.746360,3244.414489,552.392205,0.040877,0.168571,,1092,94
16,4,base,39,14.870970,20.226294,269.038098,22.494694,0.004226,0.048254,,422,94
17,5,APMM,0,-33.652808,66.710727,3182.795850,104343.961553,0.007604,0.065129,,1670,117
17,5,ind,0,1178.639199,1224.827286,10587.969181,1699.082338,0.093382,0.260626,,1670,117
17,5,base,0,26.683073,18.863690,390.399968,27.398267,0.005899,0.061029,,485,117
17,5,APMM,1,-23.122033,46.052094,2174.687623,62885.873859,0.007517,0.066212,,1710,117
17,5,ind,1,-295.461664,616.765193,7021.687658,890.742763,0.057844,0.192390,,1710,117
17,5,base,1,8.779543,10.462029,238.667809,8.941678,0.003258,0.041901,,491,117
17,5,APMM,2,-30.715771,35.255652,1679.355328,22015.412817,0.005030,0.051834,,1680,117
17,5,ind,2,131.490346,815.867203,6148.685107,627.018958,0.044456,0.184192,,1680,117
17,5,base,2,5.297932,9.704733,211.606055,5.155555,0.003235,0.039229,,492,117
17,5,APMM,3,-39.700063,48.001005,1791.507096,45764.375199,0.004612,0.046516,,1998,117
17,5,ind,3,244.509845,760.225723,5659.895350,659.794963,0.033291,0.145960,,1998,117
17,5,base,3,11.087011,13.443083,218.932559,11.264987,0.002880,0.036110,,522,117
17,5,APMM,4,-36.653768,51.540796,1950.911305,52593.718306,0.006726,0.064349,,1622,117
17,5,ind,4,32.936665,658.351717,5793.248015,731.821045,0.052528,0.191345,,1622,117
17,5,base,4,9.950846,12.395895,263.100976,9.395393,0.003849,0.047964,,489,117
17,5,APMM,5,-31.962865,38.725766,1654.842129,32321.165398,0.005194,0.051405,,1740,117
17,5,ind,5,50.400163,718.521152,5542.629008,630.371525,0.038982,0.163859,,1740,117
17,5,base,5,6.921051,11.882373,231.281334,8.155375,0.004063,0.041641,,497,117
17,5,APMM,6,-11.991129,52.082981,2224.259001,70538.857297,0.005627,0.053606,,1864,117
17,5,ind,6,660.270970,970.504711,7504.842487,1170.567751,0.068838,0.204037,,1864,117
17,5,base,6,19.898147,17.642947,261.100375,21.062483,0.003326,0.039688,,510,117
17,5,APMM,7,-12.677389,47.966254,2088.967915,56727.449320,0.007958,0.069510,,1438,117
17,5,ind,7,189.041957,828.418863,6225.068565,931.586912,0.071632,0.221947,,1438,117
17,5,base,7,10.923955,14.713196,303.083722,12.480955,0.004961,0.053655,,473,117
17,5,APMM,8,-40.509607,43.915082,1916.653185,33763.426577,0.004935,0.051425,,1936,117
17,5,ind,8,21.788828,742.633536,5937.284717,682.571737,0.036082,0.156564,,1936,117
17,5,base,8,5.305093,11.039684,169.700856,6.826359,0.001631,0.029424,,524,117
17,5,APMM,9,-24.475102,49.626246,1977.500675,63666.214734,0.005262,0.053638,,1744,117
17,5,ind,9,603.554890,933.461276,7110.684744,1033.497698,0.056884,0.196502,,1744,117
17,5,base,9,17.878578,16.644787,252.504462,17.841819,0.003238,0.041592,,501,117
17,5,APMM,10,-23.244619,52.479333,1929.644695,70485.879174,0.005466,0.054667,,1694,117
17,5,ind,10,414.545520,840.941899,7102.047967,980.059593,0.057644,0.202216,,1694,117
17,5,base,10,16.360715,15.935098,252.769900,16.402979,0.003809,0.043214,,487,117
17,5,APMM,11,-24.619241,48.528794,1857.369118,51108.379177,0.006844,0.063203,,1654,117
17,5,ind,11,175.668478,709.789358,5472.786428,624.412905,0.048239,0.179964,,1654,117
17,5,base,11,11.629266,14.361270,249.528069,11.835553,0.003648,0.044760,,495,117
17,5,APMM,12,3.028242,44.733735,2384.999950,60107.571287,0.006381,0.059607,,1896,117
17,5,ind,12,354.331057,1188.454436,7654.752394,1358.288324,0.069621,0.206808,,1896,117
17,5,base,12,15.665178,17.062955,278.230674,18.314859,0.003650,0.043486,,511,117
17,5,APMM,13,-25.825608,37.056610,1478.094793,30052.489698,0.004362,0.044266,,1912,117
17,5,ind,13,190.421698,605.651867,5529.801976,526.977350,0.039573,0.158581,,1912,117
17,5,base,13,7.744033,11.265778,170.125607,7.369409,0.002320,0.029580,,517,117
17,5,APMM,14,-21.417251,40.100005,1880.650660,38520.649158,0.005361,0.053880,,1744,117
17,5,ind,14,106.142022,653.806961,5945.355565,566.644667,0.043859,0.172918,,1744,117
17,5,base,14,8.855849,12.328617,224.582896,9.138120,0.003079,0.039262,,499,117
17,5,APMM,15,-35.266514,49.290302,2082.562478,67094.479609,0.005250,0.052981,,1732,117
17,5,ind,15,478.338354,854.487196,7478.084798,1015.297003,0.056370,0.198863,,1732,117
17,5,base,15,17.124018,16.105374,253.044438,17.576924,0.003142,0.040713,,498,117
17,5,APMM,16,-34.010819,38.226614,1324.224478,35577.106730,0.004508,0.044711,,1756,117
17,5,ind,16,37.962551,509.108055,4338.447786,437.626974,0.027790,0.136250,,1756,117
17,5,base,16,6.696848,11.637299,184.393691,7.505699,0.002728,0.032612,,508,117
17,5,APMM,17,-16.759562,44.783362,2127.944136,70775.177790,0.006303,0.058218,,1446,117
17,5,ind,17,641.294895,1016.651607,7578.556870,1187.182502,0.086212,0.241676,,1446,117
17,5,base,17,16.609746,18.416871,341.459196,20.935966,0.005688,0.057447,,466,117
17,5,APMM,18,-8.830784,53.295154,2209.208997,86383.995724,0.006507,0.058671,,1636,117
17,5,ind,18,1028.547965,1087.574311,8043.983238,1385.127388,0.089963,0.254448,,1636,117
17,5,base,18,27.137005,19.933400,329.443059,27.299591,0.005100,0.052797,,477,117
17,5,APMM,19,53.491877,63.432134,2508.535586,147285.008958,0.006226,0.055366,,1676,117
17,5,ind,19,2331.921382,1163.024971,9019.259075,1940.046287,0.098173,0.244372,,1676,117
17,5,base,19,49.295245,23.406169,368.860821,48.385063,0.004238,0.046584,,488,117
17,5,APMM,20,-10.376209,39.658971,1982.685030,47090.879638,0.006518,0.058292,,1660,117
17,5,ind,20,222.956221,725.574573,7221.814167,907.597373,0.064080,0.204554,,1660,117
17,5,base,20,12.735806,12.101668,291.132980,12.487342,0.005040,0.050987,,474,117
17,5,APMM,21,11.244221,45.783916,2492.320930,75052.270703,0.006776,0.060360,,1790,117
17,5,ind,21,875.720493,1023.390240,8376.723538,1327.010228,0.074828,0.226947,,1790,117
17,5,base,21,22.691582,18.387507,345.656577,24.165030,0.005477,0.051455,,508,117
17,5,APMM,22,-13.437020,52.305442,2776.688216,77084.007247,0.007459,0.064748,,1894,117
17,5,ind,22,424.181629,903.770481,9549.439805,1487.056109,0.077332,0.238043,,1894,117
17,5,base,22,17.800717,15.461715,344.563253,20.515271,0.005388,0.052935,,509,117
17,5,APMM,23,-3.903424,47.140976,2087.220060,73561.519064,0.006239,0.060258,,1684,117
17,5,ind,23,645.832539,1005.081331,6956.460536,1138.201384,0.068634,0.215625,,1684,117
17,5,base,23,19.990581,18.238556,259.439159,20.572595,0.003463,0.043615,,489,117
17,5,APMM,24,-39.154315,39.546435,1899.252414,33632.452990,0.005776,0.056349,,1766,117
17,5,ind,24,91.212766,697.087847,6279.433231,636.243308,0.045758,0.178961,,1766,117
17,5,base,24,6.862325,11.709433,243.900509,7.824490,0.003470,0.042848,,507,117
17,5,APMM,25,-18.579495,48.338611,2280.695350,67467.735246,0.007571,0.065696,,1644,117
17,5,ind,25,405.104152,739.586811,6930.658289,961.938769,0.061141,0.205776,,1644,117
17,5,base,25,17.214520,15.116675,335.772488,16.728628,0.005232,0.055132,,494,117
17,5,APMM,26,-32.181560,39.597895,1465.106304,35933.236336,0.004833,0.049506,,1754,117
17,5,ind,26,109.028109,690.119323,5046.478678,532.876653,0.035421,0.159581,,1754,117
17,5,base,26,8.015688,12.484596,200.386316,8.305852,0.002817,0.036008,,502,117
17,5,APMM,27,-11.280552,43.501849,1929.173885,58108.646183,0.005332,0.050923,,1794,117
17,5,ind,27,455.083376,1035.073110,6687.448528,1038.670132,0.058105,0.183332,,1794,117
17,5,base,27,14.103818,17.186243,219.153654,16.749996,0.002610,0.034941,,507,117
17,5,APMM,28,28.510238,61.565813,2377.903602,112048.684063,0.006267,0.054755,,1670,117
17,5,ind,28,1556.812607,1160.868477,8178.022544,1825.851729,0.099251,0.252443,,1670,117
17,5,base,28,36.190950,22.828647,333.298644,36.644380,0.004702,0.048033,,493,117
17,5,APMM,29,-40.939361,46.906083,1859.854922,37402.565822,0.006810,0.062895,,1572,117
17,5,ind,29,105.670129,677.383835,5151.317099,702.029773,0.049835,0.186860,,1572,117
17,5,base,29,9.019427,11.897737,243.732246,8.220472,0.003525,0.044223,,488,117
17,5,APMM,30,-41.240195,44.249123,1847.003176,56227.900663,0.005866,0.056583,,1668,117
17,5,ind,30,9.246901,722.491859,6316.645089,766.498739,0.052194,0.190738,,1668,117
17,5,base,30,8.134088,13.156421,228.646796,10.038349,0.003380,0.040908,,488,117
17,5,APMM,31,-30.807088,50.010944,1886.571998,49428.877188,0.005580,0.053548,,1658,117
17,5,ind,31,-43.224611,691.977345,6650.019716,793.322481,0.059560,0.196852,,1658,117
17,5,base,31,16.037567,13.891736,241.882537,12.536340,0.003625,0.042326,,491,117
17,5,APMM,32,-22.792469,42.031657,2028.694780,34402.334891,0.006690,0.063176,,1720,117
17,5,ind,32,-326.877547,625.936716,6349.917943,629.938962,0.051484,0.194442,,1720,117
17,5,base,32,3.777981,8.256814,272.395730,3.667839,0.004610,0.050733,,500,117
17,5,APMM,33,-42.634405,47.091552,1956.605227,37913.889161,0.005905,0.058965,,1794,117
17,5,ind,33,-277.313941,594.148124,6207.553152,623.867591,0.045606,0.173340,,1794,117
17,5,base,33,5.591452,9.234644,234.186033,4.781181,0.003424,0.042884,,512,117
17,5,APMM,34,-21.685302,49.665868,2579.681001,88697.283156,0.006239,0.058214,,1720,117
17,5,ind,34,630.473798,1109.861112,9300.724969,1411.331730,0.080739,0.245808,,1720,117
17,5,base,34,18.086152,20.589419,341.997720,25.111745,0.005531,0.054577,,489,117
17,5,APMM,35,0.979572,41.861706,2044.843918,58580.662894,0.006886,0.065704,,1498,117
17,5,ind,35,355.002068,944.528118,7812.804036,1049.482440,0.084618,0.246245,,1498,117
17,5,base,35,14.514554,16.757242,307.374495,16.509502,0.005093,0.055345,,464,117
17,5,APMM,36,-19.908947,43.520713,2155.100006,34723.803426,0.005151,0.053535,,1914,117
17,5,ind,36,297.867734,930.872988,7441.600380,811.820271,0.054568,0.195227,,1914,117
17,5,base,36,10.243337,12.963142,253.660987,9.587628,0.003959,0.043282,,516,117
17,5,APMM,37,-46.673882,46.930993,2284.145709,30650.227046,0.006863,0.068159,,1654,117
17,5,ind,37,-117.393451,722.564430,6974.393199,647.734124,0.057253,0.213301,,1654,117
17,5,base,37,4.844570,8.978370,268.696711,4.498104,0.004144,0.049915,,488,117
17,5,APMM,38,-4.104789,54.782575,2053.100106,69920.932457,0.007965,0.066783,,1468,117
17,5,ind,38,345.493973,904.445403,6817.116961,1070.410842,0.078080,0.227306,,1468,117
17,5,base,38,15.045675,16.585865,256.114908,17.346968,0.003671,0.045027,,467,117
17,5,APMM,39,-29.990968,47.715447,2031.058361,41021.261036,0.007956,0.071888,,1580,117
17,5,ind,39,-145.330963,567.811870,6213.644065,588.466558,0.048801,0.196514,,1580,117
17,5,base,39,7.665503,11.970344,263.670314,8.180627,0.004532,0.050862,,478,117
18,5,APMM,0,47.831213,74.107644,2947.549765,143569.796179,0.009477,0.076090,,1796,124
18,5,ind,0,923.371603,939.131500,9527.359622,1428.844306,0.088385,0.256855,,1796,124
18,5,base,0,35.557177,19.618547,400.355050,30.927401,0.006059,0.061769,,519,124
18,5,APMM,1,-22.533554,41.684689,2068.873676,70892.149017,0.006294,0.059352,,1758,124
18,5,ind,1,77.526573,833.008108,7275.198528,983.122522,0.057091,0.192060,,1758,124
18,5,base,1,13.498664,13.710911,286.383801,14.199801,0.003957,0.045884,,511,124
18,5,APMM,2,-27.823043,45.282465,2127.406315,64731.226543,0.006852,0.060319,,1790,124
18,5,ind,2,-345.336935,801.290375,7311.928452,1002.751612,0.072041,0.221619,,1790,124
18,5,base,2,7.510420,13.056988,291.565472,9.631273,0.004552,0.048858,,525,124
18,5,APMM,3,-34.274061,48.644210,2100.370829,70458.927852,0.004676,0.046395,,2110,124
18,5,ind,3,347.999810,832.695747,7451.885389,930.761905,0.047633,0.172644,,2110,124
18,5,base,3,14.502404,14.952523,271.397386,14.431907,0.003421,0.040535,,553,124
18,5,APMM,4,-44.109286,52.664780,1921.406421,76316.771790,0.006002,0.055915,,1698,124
18,5,ind,4,343.163699,774.832891,6352.772450,825.894517,0.051145,0.181431,,1698,124
18,5,base,4,13.521335,15.937143,262.062328,15.375850,0.003498,0.043516,,515,124
18,5,APMM,5,-50.696727,46.237190,2080.413124,57564.170282,0.005324,0.053603,,1880,124
18,5,ind,5,273.306225,828.440952,7096.715369,819.261245,0.049980,0.187781,,1880,124
18,5,base,5,11.513146,14.142893,269.623860,12.252636,0.003996,0.043775,,531,124
18,5,APMM,6,-24.546748,42.218137,1556.255333,62157.854941,0.004337,0.044009,,1904,124
18,5,ind,6,514.732042,783.574016,5562.408160,714.082549,0.037556,0.153376,,1904,124
18,5,base,6,14.555698,15.160980,201.415427,13.916791,0.002362,0.032038,,531,124
18,5,APMM,7,-9.520900,56.599256,2359.516079,110705.068378,0.006862,0.061175,,1546,124
18,5,ind,7,997.000801,995.491148,7587.164699,1308.150454,0.073890,0.226686,,1546,124
18,5,base,7,26.040878,18.684633,365.083298,24.421513,0.005082,0.052430,,502,124
18,5,APMM,8,-47.811667,41.549165,2008.360835,31571.737235,0.004886,0.053100,,2058,124
18,5,ind,8,-141.795318,685.526759,6240.247051,589.707662,0.036612,0.159472,,2058,124
18,5,base,8,3.674377,8.684386,181.815423,3.993141,0.001600,0.030540,,557,124
18,5,APMM,9,-3.766065,56.438019,2346.172418,100049.275700,0.005590,0.056646,,1868,124
18,5,ind,9,702.223139,1086.044237,8084.686901,1208.171160,0.058270,0.210516,,1868,124
18,5,base,9,22.195833,18.616992,331.190089,21.589980,0.004396,0.050163,,533,124
18,5,APMM,10,-38.025358,50.952887,3030.806971,63149.377302,0.006350,0.059881,,1848,124
18,5,ind,10,-45.455606,1417.191298,10448.539931,1484.398023,0.083478,0.237775,,1848,124
18,5,base,10,9.091471,13.748763,303.180847,10.756584,0.003872,0.047911,,525,124
18,5,APMM,11,-40.659710,44.162019,1648.817163,50037.352147,0.004723,0.048259,,1768,124
18,5,ind,11,412.539404,841.725386,5322.744709,678.762777,0.039178,0.161664,,1768,124
18,5,base,11,10.643214,13.821358,211.680439,10.642586,0.002638,0.035429,,523,124
18,5,APMM,12,-3.863303,44.812251,2431.150699,62302.853404,0.006169,0.057821,,1998,124
18,5,ind,12,145.645074,977.958994,7567.338419,1227.905268,0.068290,0.208939,,1998,124
18,5,base,12,12.196060,14.537813,280.884570,12.790949,0.003599,0.043321,,538,124
18,5,APMM,13,-21.733380,59.971460,2054.614799,129862.468695,0.005325,0.050002,,2006,124
18,5,ind,13,998.291063,950.377253,7070.229878,1159.666218,0.050152,0.179163,,2006,124
18,5,base,13,25.643961,21.115863,292.056440,28.741984,0.003364,0.041544,,545,124
18,5,APMM,14,-22.678813,51.781417,2277.017823,73023.409518,0.005762,0.058253,,1956,124
18,5,ind,14,397.243102,919.638464,7572.770234,995.690172,0.054852,0.196680,,1956,124
18,5,base,14,14.905057,15.658423,259.911355,14.876578,0.003094,0.040529,,544,124
18,5,APMM,15,-38.256277,52.785293,2121.988363,105735.160404,0.005254,0.050149,,1796,124
18,5,ind,15,840.077623,1213.023023,7568.110626,1249.442047,0.055923,0.195479,,1796,124
18,5,base,15,16.664015,21.244357,284.114395,25.278601,0.003792,0.041096,,519,124
18,5,APMM,16,-20.084640,44.109478,1552.321655,72192.322399,0.004234,0.044081,,1910,124
18,5,ind,16,377.719508,725.218072,5706.904740,667.459604,0.037285,0.157721,,1910,124
18,5,base,16,15.608341,15.443257,187.307078,14.849027,0.001996,0.028510,,547,124
18,5,APMM,17,-16.780083,43.843508,2046.817137,71472.582735,0.006603,0.062846,,1554,124
18,5,ind,17,385.260564,899.193185,6928.841995,904.095725,0.071202,0.219849,,1554,124
18,5,base,17,13.677064,15.549768,298.129178,13.933365,0.004453,0.051353,,498,124
18,5,APMM,18,-25.019606,46.896027,2444.576791,92414.206275,0.006505,0.055805,,1810,124
18,5,ind,18,142.689953,1091.709174,7997.847038,1346.955238,0.069318,0.219313,,1810,124
18,5,base,18,8.854834,19.349065,338.290494,19.511707,0.005017,0.051407,,517,124
18,5,APMM,19,-19.122270,43.183954,1888.775730,70374.046994,0.005843,0.056199,,1722,124
18,5,ind,19,165.282733,990.334498,6926.796822,1043.476807,0.061344,0.197773,,1722,124
18,5,base,19,11.604727,14.258115,242.716714,11.950441,0.003416,0.041165,,507,124
18,5,APMM,20,2.972754,51.040200,2237.968120,118614.205334,0.006538,0.060251,,1738,124
18,5,ind,20,888.604691,914.701847,7507.359190,1111.877303,0.060992,0.207636,,1738,124
18,5,base,20,27.351255,19.801520,335.466373,26.865384,0.004855,0.052201,,501,124
18,5,APMM,21,4.185998,43.457615,2812.192003,45781.126502,0.007241,0.062448,,1872,124
18,5,ind,21,-185.028206,819.280342,8077.194623,854.325121,0.080868,0.235962,,1872,124
18,5,base,21,7.157177,11.932662,368.344413,7.574759,0.005750,0.056626,,537,124
18,5,APMM,22,-17.534414,52.180848,2710.003710,70020.094827,0.006420,0.061972,,1950,124
18,5,ind,22,200.526558,988.364773,9682.826660,1108.599820,0.072601,0.235891,,1950,124
18,5,base,22,14.276245,15.166552,320.453345,14.278380,0.004647,0.051789,,531,124
18,5,APMM,23,-33.888847,45.288865,1734.072527,63321.307518,0.005661,0.054023,,1772,124
18,5,ind,23,219.851008,634.943323,5641.358428,655.398388,0.041636,0.170684,,1772,124
18,5,base,23,14.364150,13.303778,236.207644,12.164078,0.003320,0.039891,,519,124
18,5,APMM,24,-35.679883,38.763179,1560.636091,38579.364589,0.004945,0.050626,,1840,124
18,5,ind,24,46.357275,604.682687,5763.793683,436.911508,0.036146,0.165384,,1840,124
18,5,base,24,6.586848,10.093064,214.644660,6.337815,0.002989,0.037181,,532,124
18,5,APMM,25,-16.952806,50.294274,2691.854453,69809.472463,0.007980,0.064297,,1778,124
18,5,ind,25,243.543652,1083.932152,9159.886287,1481.729373,0.086963,0.249510,,1778,124
18,5,base,25,13.903085,15.134378,395.201186,15.320374,0.007067,0.059490,,527,124
18,5,APMM,26,-48.711355,44.343549,1852.909118,43061.096537,0.005838,0.058083,,1830,124
18,5,ind,26,-166.151787,539.238759,5657.578372,473.314575,0.036087,0.166660,,1830,124
18,5,base,26,2.716166,10.970081,244.421240,5.965152,0.003917,0.043341,,526,124
18,5,APMM,27,-39.722792,44.660184,2081.872569,60506.143423,0.006224,0.060021,,1854,124
18,5,ind,27,11.674478,667.666018,6577.454090,681.943549,0.046729,0.180420,,1854,124
18,5,base,27,8.242740,14.322147,273.633644,11.776153,0.003827,0.046031,,530,124
18,5,APMM,28,-12.528650,49.574378,2120.082505,103349.723727,0.005604,0.053671,,1724,124
18,5,ind,28,952.504201,855.381297,7612.953277,1122.004732,0.062851,0.195018,,1724,124
18,5,base,28,25.424060,18.593447,282.447927,25.212261,0.003890,0.042582,,518,124
18,5,APMM,29,-36.905265,47.339891,1603.560151,59142.643784,0.005288,0.052480,,1690,124
18,5,ind,29,346.800610,609.565386,4912.361167,540.382308,0.036311,0.159837,,1690,124
18,5,base,29,12.576308,14.613275,222.217056,12.928548,0.002781,0.037431,,520,124
18,5,APMM,30,-29.688496,38.007041,1645.365051,48853.103138,0.004799,0.048607,,1850,124
18,5,ind,30,293.339093,794.282187,6287.326881,698.866815,0.044482,0.177217,,1850,124
18,5,base,30,9.044328,12.686702,211.738991,9.324989,0.002947,0.035663,,528,124
18,5,APMM,31,-3.784535,63.542741,1871.359053,115425.108643,0.005120,0.049319,,1802,124
18,5,ind,31,916.004813,906.955064,6940.399034,1086.315149,0.058573,0.194657,,1802,124
18,5,base,31,27.614944,19.139396,269.698694,25.321128,0.003655,0.040748,,527,124
18,5,APMM,32,-30.072717,39.840626,1980.811329,50469.188423,0.005262,0.053927,,1760,124
18,5,ind,32,178.308056,978.064075,7134.045791,933.389614,0.060690,0.209157,,1760,124
18,5,base,32,8.601754,13.690127,297.702831,10.273594,0.004379,0.049120,,519,124
18,5,APMM,33,-9.527028,47.697370,2543.186243,52467.887790,0.007438,0.064283,,1932,124
18,5,ind,33,-660.358531,881.735629,7522.595765,1177.260384,0.067218,0.202460,,1932,124
18,5,base,33,2.618122,8.663933,334.585799,3.941636,0.005207,0.054156,,546,124
18,5,APMM,34,-4.574504,51.803631,2508.072019,133495.758544,0.006033,0.055424,,1774,124
18,5,ind,34,1147.320721,1101.750638,8403.715120,1535.990279,0.086849,0.238085,,1774,124
18,5,base,34,27.453172,21.800128,382.193990,33.230317,0.005260,0.052794,,511,124
18,5,APMM,35,-18.710753,37.577078,2157.943576,48679.882495,0.006321,0.061212,,1576,124
18,5,ind,35,75.732135,930.669128,8325.364626,1011.008585,0.080971,0.238112,,1576,124
18,5,base,35,8.546295,12.087259,323.051634,10.115389,0.005076,0.054883,,490,124
18,5,APMM,36,0.365746,48.448644,2300.956144,99779.037857,0.004570,0.046358,,1936,124
18,5,ind,36,1167.220312,1121.145369,9203.659829,1403.596150,0.072851,0.224762,,1936,124
18,5,base,36,27.070845,19.476813,310.470620,25.698964,0.004052,0.043633,,535,124
18,5,APMM,37,-2.851171,62.406197,2544.166114,133905.110602,0.006774,0.062970,,1730,124
18,5,ind,37,1344.328131,980.103153,8580.099032,1339.170753,0.083195,0.241236,,1730,124
18,5,base,37,31.457880,20.499103,359.203977,32.200579,0.004769,0.052088,,514,124
18,5,APMM,38,-31.040367,47.413627,1552.554908,55733.370499,0.006663,0.062184,,1508,124
18,5,ind,38,-174.323472,471.665140,5066.230638,489.249479,0.042151,0.173597,,1508,124
18,5,base,38,7.007097,12.674104,230.451315,8.652173,0.003656,0.043021,,487,124
18,5,APMM,39,-7.280151,58.743990,2329.222660,81413.403477,0.008359,0.074017,,1686,124
18,5,ind,39,309.333302,788.602261,7099.430082,846.477465,0.063427,0.221188,,1686,124
18,5,base,39,17.259714,15.273617,319.554405,14.179938,0.004988,0.055935,,510,124
19,5,APMM,0,-4.446309,53.763738,2410.501985,154179.654454,0.005118,0.048804,,1950,130
19,5,ind,0,1544.641336,1172.827189,9439.291788,1653.760240,0.072917,0.223723,,1950,130
19,5,base,0,31.524398,19.753902,373.453768,30.403861,0.005171,0.051458,,546,130
19,5,APMM,1,24.025300,71.864331,2361.184006,156028.476209,0.007027,0.061310,,1972,130
19,5,ind,1,344.036010,659.480604,7510.046650,977.411034,0.054533,0.188285,,1972,130
19,5,base,1,33.108421,17.690182,345.649596,27.428596,0.005177,0.050235,,553,130
19,5,APMM,2,-33.561814,46.330692,1954.129889,70948.277249,0.006261,0.059996,,1788,130
19,5,ind,2,-43.477694,694.197827,6388.485548,699.710403,0.047375,0.181553,,1788,130
19,5,base,2,9.070494,13.157808,242.195685,9.879647,0.003183,0.039940,,544,130
19,5,APMM,3,-46.946262,45.880875,1905.119341,70622.816825,0.006036,0.056520,,1960,130
19,5,ind,3,10.092857,583.989666,5553.280318,599.793450,0.033626,0.147575,,1960,130
19,5,base,3,8.569106,12.799648,229.227943,8.898611,0.002665,0.037192,,558,130
19,5,APMM,4,-52.845802,52.521908,2823.893183,92259.593896,0.006418,0.061520,,2150,130
19,5,ind,4,32.909182,1282.551794,9452.408023,1365.499184,0.065967,0.215906,,2150,130
19,5,base,4,8.366095,15.133467,332.277463,11.787410,0.003705,0.048101,,574,130
19,5,APMM,5,-38.177068,46.845060,1749.502037,86336.643164,0.005158,0.048826,,2016,130
19,5,ind,5,371.543120,701.823905,5672.640722,717.857212,0.037756,0.153703,,2016,130
19,5,base,5,14.593313,15.812302,247.449305,14.968840,0.003101,0.037299,,564,130
19,5,APMM,6,-36.115509,53.041055,2164.532338,114455.392194,0.005732,0.054667,,1832,130
19,5,ind,6,209.943117,877.776773,7419.967871,1084.526813,0.055039,0.193815,,1832,130
19,5,base,6,15.269134,19.719619,331.109494,22.120971,0.004658,0.048238,,542,130
19,5,APMM,7,-19.077916,42.363338,1813.239407,83039.474868,0.004892,0.049670,,1836,130
19,5,ind,7,496.354350,829.776923,6467.603544,793.912833,0.045194,0.179079,,1836,130
19,5,base,7,16.869809,14.812868,262.492305,14.853332,0.003282,0.041357,,536,130
19,5,APMM,8,-40.671936,42.168450,1841.971667,40864.752243,0.005644,0.057378,,1786,130
19,5,ind,8,-148.962987,666.106371,6127.451776,570.246791,0.042001,0.178148,,1786,130
19,5,base,8,3.874623,9.104178,248.217111,4.323982,0.003118,0.041903,,550,130
19,5,APMM,9,109.516654,73.055005,2796.984307,350115.418480,0.006129,0.052642,,1780,130
19,5,ind,9,3177.429749,954.757817,10865.175840,2448.244829,0.119096,0.268145,,1780,130
19,5,base,9,80.522196,23.663398,527.105186,76.647193,0.005354,0.050481,,536,130
19,5,APMM,10,-20.324049,45.290683,2172.133932,74301.176663,0.006242,0.059466,,1822,130
19,5,ind,10,221.910171,764.006526,7007.774226,820.544262,0.054253,0.193219,,1822,130
19,5,base,10,12.404645,13.900196,294.568565,11.800020,0.004274,0.048225,,532,130
19,5,APMM,11,-20.805243,64.082074,2796.982715,132633.813139,0.006918,0.059494,,2110,130
19,5,ind,11,620.683297,1140.212057,8654.714231,1388.112346,0.074747,0.216885,,2110,130
19,5,base,11,21.473736,17.222982,319.716623,18.611597,0.003870,0.045424,,579,130
19,5,APMM,12,-59.330839,50.835646,1723.207797,63366.473229,0.005876,0.057212,,1776,130
19,5,ind,12,-152.025315,588.701874,5437.031097,529.695977,0.038782,0.163919,,1776,130
19,5,base,12,6.224473,10.731151,211.370054,5.905839,0.002688,0.036292,,547,130
19,5,APMM,13,-19.480205,52.027814,2541.994152,121317.628726,0.006198,0.058146,,2058,130
19,5,ind,13,763.414976,957.125879,8538.837002,1334.649052,0.056711,0.197788,,2058,130
19,5,base,13,20.151600,16.431699,309.672911,19.387223,0.003379,0.043924,,580,130
19,5,APMM,14,32.495168,53.934288,2954.725267,101592.988586,0.009303,0.073515,,1874,130
19,5,ind,14,-24.079819,983.223515,9818.608624,1398.213738,0.095798,0.250958,,1874,130
19,5,base,14,13.028322,16.451093,388.300029,15.396856,0.006442,0.058337,,545,130
19,5,APMM,15,-46.121714,55.097118,2094.588920,76662.263733,0.005714,0.055437,,2030,130
19,5,ind,15,-50.800871,732.335284,6824.515199,691.044120,0.044066,0.185452,,2030,130
19,5,base,15,14.129026,12.075142,249.767866,9.514718,0.003142,0.040200,,567,130
19,5,APMM,16,-15.932253,46.258471,1849.226501,101024.525327,0.004605,0.045908,,1936,130
19,5,ind,16,732.905618,1086.387824,6974.757915,1074.604094,0.055043,0.183302,,1936,130
19,5,base,16,19.123300,16.499112,253.215864,17.612824,0.002945,0.036680,,558,130
19,5,APMM,17,-32.772601,47.507281,2008.598132,107002.972828,0.004995,0.049857,,1924,130
19,5,ind,17,749.509765,877.213854,7901.682557,1060.820037,0.052338,0.194127,,1924,130
19,5,base,17,17.782704,17.689920,281.449131,20.574823,0.003587,0.041242,,548,130
19,5,APMM,18,-32.005295,46.121096,1947.008910,72670.841155,0.005664,0.053280,,1910,130
19,5,ind,18,264.316649,777.940769,6456.406994,813.231615,0.044048,0.172578,,1910,130
19,5,base,18,11.280100,13.307476,285.217768,10.673706,0.004468,0.044961,,556,130
19,5,APMM,19,-45.426383,44.586002,1593.791199,61621.657381,0.005394,0.050899,,1784,130
19,5,ind,19,126.862280,626.269906,5264.544558,496.319089,0.034452,0.160695,,1784,130
19,5,base,19,9.880086,13.414005,232.916874,10.031854,0.003172,0.039117,,536,130
19,5,APMM,20,-41.650329,44.267276,1902.776274,52982.691535,0.005635,0.053329,,1838,130
19,5,ind,20,16.360102,763.457636,6296.470547,666.608022,0.047927,0.175181,,1838,130
19,5,base,20,6.503578,11.432511,265.473687,7.293593,0.003825,0.044007,,544,130
19,5,APMM,21,-19.139207,46.368942,2200.202807,90149.930463,0.005215,0.047140,,2116,130
19,5,ind,21,305.286404,901.949420,7333.014054,1067.456247,0.052502,0.180247,,2116,130
19,5,base,21,11.332921,16.167207,306.530972,15.278943,0.004123,0.041777,,581,130
19,5,APMM,22,-32.883272,49.624542,2333.628085,106643.860612,0.006620,0.061875,,1790,130
19,5,ind,22,642.997616,866.723887,7985.118699,1146.230001,0.071370,0.225957,,1790,130
19,5,base,22,18.674997,17.178621,332.186600,19.105042,0.004462,0.052838,,533,130
19,5,APMM,23,-21.034626,52.167355,2152.355515,118459.738544,0.004986,0.050672,,2098,130
19,5,ind,23,755.041899,1055.949742,6854.208060,1017.027272,0.044886,0.168671,,2098,130
19,5,base,23,19.649617,19.742831,251.746010,21.534118,0.002573,0.035072,,588,130
19,5,APMM,24,-16.391592,61.753707,2136.507709,168349.507444,0.006776,0.060956,,1682,130
19,5,ind,24,1009.634324,930.300356,7752.375894,1085.799779,0.066822,0.218622,,1682,130
19,5,base,24,26.401595,21.757496,372.611547,30.284873,0.005710,0.056402,,522,130
19,5,APMM,25,-30.560941,43.156896,2100.610012,68679.586968,0.004574,0.047409,,2192,130
19,5,ind,25,416.656817,932.692720,7614.094939,911.513056,0.045017,0.174417,,2192,130
19,5,base,25,12.205177,13.704269,233.614009,11.496283,0.002816,0.035087,,581,130
19,5,APMM,26,-33.444715,53.475414,1925.779110,105258.152868,0.005820,0.056527,,1876,130
19,5,ind,26,524.409541,780.917470,5811.651990,724.274224,0.037798,0.160004,,1876,130
19,5,base,26,19.312363,16.141974,235.793807,16.465862,0.002442,0.036479,,556,130
19,5,APMM,27,-51.771919,44.746359,1698.409769,47753.364718,0.004720,0.047851,,1942,130
19,5,ind,27,-37.173597,752.528216,6108.626992,610.300747,0.038819,0.166714,,1942,130
19,5,base,27,6.163713,10.472770,206.002261,5.768236,0.002695,0.034608,,549,130
19,5,APMM,28,-14.804661,37.514245,1629.501186,78410.856540,0.004815,0.048203,,1816,130
19,5,ind,28,690.665045,870.193607,6755.157455,896.500355,0.055448,0.182687,,1816,130
19,5,base,28,15.253227,15.556037,256.721804,15.431759,0.003520,0.040268,,540,130
19,5,APMM,29,-37.886825,51.329208,2063.855550,96038.788827,0.006785,0.062172,,1870,130
19,5,ind,29,360.238254,647.807511,5744.508615,656.473114,0.039288,0.163656,,1870,130
19,5,base,29,16.562574,16.012542,270.108256,16.747817,0.003655,0.042646,,550,130
19,5,APMM,30,-35.442248,46.905229,1609.778758,66062.412464,0.005080,0.051745,,1838,130
19,5,ind,30,-125.415546,575.579280,5640.766570,521.940015,0.036214,0.155341,,1838,130
19,5,base,30,10.215066,12.101851,213.018182,8.993058,0.002915,0.035602,,540,130
19,5,APMM,31,-3.664885,52.114262,2106.511552,126711.032084,0.005388,0.051066,,1878,130
19,5,ind,31,728.305616,1055.293524,7398.242601,1244.313388,0.063271,0.210299,,1878,130
19,5,base,31,20.879665,20.353570,273.246234,24.585624,0.003275,0.038558,,552,130
19,5,APMM,32,-17.782683,58.920622,2581.036481,117755.105037,0.007108,0.062745,,1916,130
19,5,ind,32,634.306295,1027.057598,9383.137640,1311.756067,0.077559,0.236839,,1916,130
19,5,base,32,19.949940,16.919595,342.306700,18.924116,0.004852,0.051979,,552,130
19,5,APMM,33,-20.407477,52.881498,2305.935751,118230.437752,0.005805,0.050829,,2052,130
19,5,ind,33,36.903109,1112.956469,7338.910881,1466.487656,0.064786,0.181334,,2052,130
19,5,base,33,13.789959,18.903321,308.784686,20.086576,0.003448,0.041499,,573,130
19,5,APMM,34,-27.453796,41.092103,2798.909797,71532.769362,0.005289,0.053006,,2164,130
19,5,ind,34,60.552778,1349.627940,11122.027282,1350.007729,0.080308,0.239466,,2164,130
19,5,base,34,7.395226,13.606105,327.611330,10.078395,0.004379,0.048378,,576,130
19,5,APMM,35,-2.074906,48.084272,1883.002901,138705.395767,0.004944,0.048173,,1900,130
19,5,ind,35,1048.206258,920.633590,7488.622290,1092.462146,0.059254,0.202031,,1900,130
19,5,base,35,28.296049,19.033089,297.946119,25.765537,0.003771,0.041837,,556,130
19,5,APMM,36,-34.495790,42.170348,1928.188979,64863.608964,0.005777,0.057040,,1788,130
19,5,ind,36,-26.477041,754.060735,6917.817738,762.532690,0.054768,0.196635,,1788,130
19,5,base,36,9.116475,13.433023,255.366028,10.060504,0.003250,0.041659,,540,130
19,5,APMM,37,-14.263796,47.056187,2910.843348,134536.642885,0.005402,0.051065,,1938,130
19,5,ind,37,1427.128699,1316.530918,11371.977896,1947.351747,0.090362,0.249970,,1938,130
19,5,base,37,26.589981,18.515100,360.663847,26.309578,0.004914,0.049144,,545,130
19,5,APMM,38,-36.330283,43.544145,1733.080419,72231.870041,0.005024,0.050085,,1802,130
19,5,ind,38,245.488872,692.485948,6253.111847,702.667957,0.044614,0.176920,,1802,130
19,5,base,38,11.079436,13.936368,233.330520,11.614579,0.003311,0.038694,,533,130
19,5,APMM,39,-28.752777,49.798809,2510.182695,121020.989178,0.007541,0.058302,,1788,130
19,5,ind,39,324.520644,1105.756095,9486.074895,1613.065529,0.087657,0.240529,,1788,130
19,5,base,39,15.675455,14.818955,395.725376,17.277254,0.005577,0.054456,,534,130
20,5,APMM,0,-31.388081,59.819802,2677.009409,137269.596849,0.008000,0.067349,,1972,138
20,5,ind,0,-201.281038,833.845892,8940.983718,1178.146655,0.065140,0.218116,,1972,138
20,5,base,0,12.410925,13.892445,363.990881,12.733607,0.004964,0.054396,,581,138
20,5,APMM,1,49.247483,56.277296,2354.268290,259132.845122,0.005940,0.052545,,1928,138
20,5,ind,1,2023.701511,890.382437,9346.215874,1590.885809,0.073794,0.218820,,1928,138
20,5,base,1,49.523644,20.853371,409.983850,44.697693,0.005230,0.048781,,559,138
20,5,APMM,2,-29.590651,37.896537,1610.830966,53640.820278,0.004968,0.049613,,1980,138
20,5,ind,2,-43.255920,527.904998,5616.934233,416.239053,0.034059,0.159122,,1980,138
20,5,base,2,6.704313,10.418315,225.864764,6.451925,0.003195,0.036246,,580,138
20,5,APMM,3,-53.762420,48.557895,2043.813241,73579.778325,0.004598,0.046495,,2210,138
20,5,ind,3,217.808877,988.150232,7206.669690,831.116956,0.042238,0.167722,,2210,138
20,5,base,3,8.839453,13.485479,278.513622,9.517950,0.003300,0.040921,,602,138
20,5,APMM,4,-53.729110,46.860061,1838.195179,68610.940127,0.006162,0.056723,,1806,138
20,5,ind,4,-318.602576,676.392096,5951.127534,587.069318,0.041024,0.170150,,1806,138
20,5,base,4,6.239223,10.252226,252.319242,5.846940,0.004007,0.041942,,555,138
20,5,APMM,5,-40.947408,47.119298,2029.799383,84048.226304,0.005128,0.049963,,2034,138
20,5,ind,5,-14.621095,849.251046,7005.870995,813.752229,0.045604,0.174333,,2034,138
20,5,base,5,11.716269,14.094400,266.361866,11.053905,0.003720,0.038882,,590,138
20,5,APMM,6,-28.106163,45.105135,1880.413190,90189.097314,0.004915,0.048036,,2058,138
20,5,ind,6,63.742865,884.846799,6956.102865,898.749979,0.047217,0.173607,,2058,138
20,5,base,6,12.368515,14.686919,262.046680,12.566046,0.003165,0.038213,,585,138
20,5,APMM,7,-38.648674,50.478944,2238.152224,120266.150286,0.006495,0.060834,,1802,138
20,5,ind,7,360.541142,918.159344,7296.759178,1110.405868,0.057432,0.199672,,1802,138
20,5,base,7,15.039839,16.578781,348.512483,16.851102,0.004479,0.050771,,575,138
20,5,APMM,8,-31.397368,42.267656,2176.438603,68039.211696,0.005613,0.053719,,2262,138
20,5,ind,8,-223.528040,909.462407,6908.782239,903.320207,0.040648,0.167111,,2262,138
20,5,base,8,5.809958,11.066995,265.863110,6.418114,0.003060,0.038580,,619,138
20,5,APMM,9,-57.413279,51.696824,2002.261810,96004.374332,0.005208,0.051002,,2120,138
20,5,ind,9,-66.908536,743.706382,6678.860438,721.211639,0.038392,0.165169,,2120,138
20,5,base,9,8.362774,13.491189,257.429675,9.580145,0.002989,0.038992,,600,138
20,5,APMM,10,-42.724939,45.084576,2570.977421,95476.452754,0.005940,0.058548,,2010,138
20,5,ind,10,45.848331,1033.111077,9034.076455,1217.645200,0.064689,0.221332,,2010,138
20,5,base,10,11.024509,12.939586,319.577349,11.088723,0.004119,0.048547,,575,138
20,5,APMM,11,-55.407879,48.001758,2101.978090,96659.970285,0.005498,0.053908,,2010,138
20,5,ind,11,232.182765,821.609204,6669.636072,878.894822,0.045981,0.177815,,2010,138
20,5,base,11,10.211771,14.901788,252.100323,12.463965,0.002812,0.037543,,588,138
20,5,APMM,12,-32.641648,49.501645,2113.619999,101020.906779,0.005625,0.056471,,2128,138
20,5,ind,12,349.728902,812.637504,7489.605131,763.678311,0.043647,0.178002,,2128,138
20,5,base,12,11.838295,14.440289,255.180293,11.549330,0.003328,0.038828,,587,138
20,5,APMM,13,-40.227936,51.714109,1961.025900,126210.484348,0.004927,0.048680,,2178,138
20,5,ind,13,253.347456,808.790207,7123.947064,837.672593,0.043707,0.168026,,2178,138
20,5,base,13,15.303547,15.907356,262.904234,15.206828,0.003144,0.038210,,597,138
20,5,APMM,14,-30.984448,45.714264,2457.818258,90594.491588,0.005473,0.055483,,2082,138
20,5,ind,14,-10.573228,1091.730554,9126.599873,1152.475015,0.060366,0.206717,,2082,138
20,5,base,14,11.250230,13.468114,299.650511,10.434208,0.003784,0.044439,,592,138
20,5,APMM,15,-58.806892,53.055306,2153.634768,100230.491281,0.006127,0.057372,,1882,138
20,5,ind,15,15.634668,785.048173,6934.693109,809.814353,0.047137,0.183402,,1882,138
20,5,base,15,10.733866,12.528810,301.992708,10.611156,0.004346,0.046706,,561,138
20,5,APMM,16,-33.268236,38.992407,1403.687117,72043.033486,0.003962,0.039758,,2120,138
20,5,ind,16,181.373008,540.660270,4868.675735,488.317666,0.025749,0.125981,,2120,138
20,5,base,16,9.247646,12.382382,172.247355,9.228646,0.002049,0.024818,,610,138
20,5,APMM,17,-49.240070,39.409603,1625.697569,55575.504881,0.005486,0.054345,,1766,138
20,5,ind,17,-99.712252,566.340805,5571.543708,458.270115,0.042164,0.174437,,1766,138
20,5,base,17,3.902454,8.475153,256.885185,3.790990,0.003885,0.043495,,555,138
20,5,APMM,18,-40.624750,61.280735,2548.587866,156250.789427,0.006276,0.058964,,2100,138
20,5,ind,18,482.535297,981.901677,8222.765311,1120.129728,0.051563,0.196660,,2100,138
20,5,base,18,21.036474,16.867360,339.403011,18.775299,0.004552,0.049478,,586,138
20,5,APMM,19,-37.817919,40.559030,1836.910258,68337.477897,0.005232,0.052534,,2008,138
20,5,ind,19,-151.798143,621.101697,6927.587456,625.404762,0.047550,0.181463,,2008,138
20,5,base,19,5.899973,10.923654,241.932559,6.926436,0.003335,0.038631,,575,138
20,5,APMM,20,8.430681,66.267386,2351.221580,222652.086816,0.006695,0.059651,,1858,138
20,5,ind,20,819.878630,701.827760,7667.657244,984.952591,0.058593,0.199308,,1858,138
20,5,base,20,35.615400,19.868477,385.763819,32.699732,0.005339,0.053697,,550,138
20,5,APMM,21,-7.963533,64.191788,2607.486320,203884.554449,0.005088,0.049604,,2112,138
20,5,ind,21,1762.417391,1263.458168,8765.572115,1636.460280,0.067692,0.209696,,2112,138
20,5,base,21,36.038231,20.593978,354.592923,31.590040,0.003471,0.043762,,602,138
20,5,APMM,22,3.629454,51.116440,3253.829911,144393.193148,0.006500,0.059832,,2234,138
20,5,ind,22,946.495646,1249.653387,11922.895588,1718.363827,0.090688,0.251057,,2234,138
20,5,base,22,21.645444,16.648836,377.294890,21.687192,0.004530,0.050191,,600,138
20,5,APMM,23,-29.487178,52.499020,2198.271216,135932.211410,0.005636,0.051630,,2042,138
20,5,ind,23,379.050496,926.943494,7202.523877,1062.513333,0.050048,0.182042,,2042,138
20,5,base,23,18.973018,17.594354,295.821442,19.933558,0.003601,0.041654,,586,138
20,5,APMM,24,-39.884646,40.677863,1811.673338,76843.616996,0.004718,0.047481,,2066,138
20,5,ind,24,191.521577,756.648739,6480.766824,692.244575,0.039422,0.165840,,2066,138
20,5,base,24,9.595746,13.211122,247.674392,10.332828,0.003103,0.036432,,597,138
20,5,APMM,25,-10.405873,72.731558,2888.876664,183360.192723,0.009625,0.072942,,1990,138
20,5,ind,25,643.791891,897.410068,7355.063209,1130.599110,0.066511,0.204816,,1990,138
20,5,base,25,25.933637,16.574352,423.214869,20.354426,0.006373,0.060537,,585,138
20,5,APMM,26,-36.938507,57.444324,2070.262701,139698.780854,0.005143,0.049675,,2058,138
20,5,ind,26,582.125414,916.243770,7207.567572,952.311233,0.048069,0.180354,,2058,138
20,5,base,26,19.929135,18.499450,268.853210,20.531214,0.003354,0.037821,,587,138
20,5,APMM,27,-18.466186,43.084832,2125.436368,108301.628134,0.005343,0.051442,,2112,138
20,5,ind,27,692.203287,876.092015,8535.805256,1070.215749,0.061435,0.198724,,2112,138
20,5,base,27,16.209592,14.298938,273.169088,15.386895,0.003316,0.039376,,588,138
20,5,APMM,28,-13.912391,51.506756,2332.757340,165995.154225,0.004956,0.048479,,1932,138
20,5,ind,28,1103.327823,1180.486743,9265.400443,1483.027770,0.070974,0.216542,,1932,138
20,5,base,28,26.354829,21.042123,343.841532,28.383578,0.004085,0.043874,,576,138
20,5,APMM,29,-63.771345,46.969499,1684.371450,58311.772649,0.005302,0.052605,,1960,138
20,5,ind,29,-59.786124,495.963953,5103.173274,473.901405,0.030197,0.144100,,1960,138
20,5,base,29,6.451511,10.623286,211.759468,6.258292,0.002141,0.033558,,586,138
20,5,APMM,30,-26.360629,43.834559,2004.254566,113184.637679,0.005284,0.050449,,2006,138
20,5,ind,30,449.497076,952.334941,7193.482762,1002.915128,0.052497,0.190814,,2006,138
20,5,base,30,15.766553,16.791180,273.619521,16.243992,0.003617,0.040263,,581,138
20,5,APMM,31,-46.960598,49.030029,2012.795907,83365.686496,0.004798,0.048634,,2042,138
20,5,ind,31,252.402701,1054.083075,7319.055903,868.254920,0.048238,0.181199,,2042,138
20,5,base,31,8.837350,13.516010,238.142343,9.975081,0.002857,0.035637,,589,138
20,5,APMM,32,-46.416394,49.280572,2143.852047,104461.854506,0.005142,0.051411,,1928,138
20,5,ind,32,451.388336,1070.245437,7716.040221,975.365414,0.054863,0.202039,,1928,138
20,5,base,32,13.151968,15.355771,297.857431,14.159556,0.003850,0.044271,,571,138
20,5,APMM,33,-20.068005,59.884539,2471.011437,178849.055819,0.005223,0.052481,,2164,138
20,5,ind,33,999.898328,1154.793381,8655.311019,1244.853784,0.055922,0.186725,,2164,138
20,5,base,33,24.263921,19.571615,268.990978,23.058964,0.002659,0.036064,,610,138
20,5,APMM,34,-19.254993,52.377007,3412.121304,131449.010131,0.008424,0.070198,,1986,138
20,5,ind,34,64.308588,1048.042762,10798.389674,1362.568970,0.092692,0.266481,,1986,138
20,5,base,34,16.330126,15.820830,436.350304,16.856823,0.006419,0.063438,,574,138
20,5,APMM,35,-28.529175,45.320609,2307.657963,128344.741264,0.005471,0.054924,,1886,138
20,5,ind,35,673.896143,1068.427564,8800.028177,1253.314271,0.067173,0.218893,,1886,138
20,5,base,35,16.759394,17.521862,291.311120,19.194821,0.003634,0.042879,,561,138
20,5,APMM,36,-26.396072,46.185086,2412.001788,99297.116382,0.004623,0.046547,,2102,138
20,5,ind,36,415.958456,1072.234006,9411.844326,1169.234024,0.063317,0.208915,,2102,138
20,5,base,36,14.381175,15.282788,317.098347,14.423988,0.004068,0.044078,,591,138
20,5,APMM,37,-24.028482,54.135094,3131.863703,118566.996563,0.008636,0.072301,,1908,138
20,5,ind,37,-465.285733,1228.128786,9501.541032,1633.041237,0.090837,0.251956,,1908,138
20,5,base,37,6.830200,16.448871,417.882444,13.635729,0.005994,0.060148,,572,138
20,5,APMM,38,-46.580063,54.762448,2225.868607,125225.058796,0.008020,0.071822,,1714,138
20,5,ind,38,-235.598533,797.780570,7723.734147,976.906669,0.064412,0.212492,,1714,138
20,5,base,38,9.249895,12.980992,316.860448,9.543915,0.004791,0.052711,,545,138
20,5,APMM,39,-40.937407,46.394420,2088.963451,84596.063635,0.005415,0.054513,,1966,138
20,5,ind,39,431.164532,950.025939,7735.883944,881.255217,0.052069,0.190768,,1966,138
20,5,base,39,10.487623,13.638664,244.360963,10.654062,0.002684,0.037091,,581,138
